demand_date,hour,ride_count,dispatchers_on
2024-12-02,0,100,5
2024-12-02,1,60,4
2024-12-02,2,40,3
2024-12-02,3,60,3
2024-12-02,4,90,5
2024-12-02,5,180,10
2024-12-02,6,250,13
2024-12-02,7,280,15
2024-12-02,8,280,15
2024-12-02,9,280,15
2024-12-02,10,250,14
2024-12-02,11,260,13
2024-12-02,12,280,14
2024-12-02,13,280,16
2024-12-02,14,380,20
2024-12-02,15,380,20
2024-12-02,16,380,21
2024-12-02,17,380,21
2024-12-02,18,350,18
2024-12-02,19,280,13
2024-12-02,20,250,12
2024-12-02,21,250,12
2024-12-02,22,200,9
2024-12-02,23,100,6
2024-12-03,0,50,4
2024-12-03,1,40,3
2024-12-03,2,30,3
2024-12-03,3,30,3
2024-12-03,4,70,5
2024-12-03,5,150,9
2024-12-03,6,200,13
2024-12-03,7,260,15
2024-12-03,8,260,15
2024-12-03,9,260,15
2024-12-03,10,230,14
2024-12-03,11,230,14
2024-12-03,12,250,15
2024-12-03,13,280,16
2024-12-03,14,350,20
2024-12-03,15,380,21
2024-12-03,16,380,21
2024-12-03,17,380,21
2024-12-03,18,350,18
2024-12-03,19,250,15
2024-12-03,20,200,12
2024-12-03,21,200,12
2024-12-03,22,180,10
2024-12-03,23,80,6
2024-12-04,0,50,4
2024-12-04,1,40,3
2024-12-04,2,30,3
2024-12-04,3,30,3
2024-12-04,4,70,5
2024-12-04,5,150,9
2024-12-04,6,200,13
2024-12-04,7,260,15
2024-12-04,8,260,15
2024-12-04,9,260,15
2024-12-04,10,230,14
2024-12-04,11,230,13
2024-12-04,12,250,14
2024-12-04,13,280,16
2024-12-04,14,350,20
2024-12-04,15,380,20
2024-12-04,16,380,20
2024-12-04,17,380,20
2024-12-04,18,350,18
2024-12-04,19,250,14
2024-12-04,20,200,12
2024-12-04,21,200,12
2024-12-04,22,180,10
2024-12-04,23,80,6
2024-12-05,0,50,4
2024-12-05,1,40,3
2024-12-05,2,30,3
2024-12-05,3,30,3
2024-12-05,4,70,5
2024-12-05,5,150,9
2024-12-05,6,200,13
2024-12-05,7,260,15
2024-12-05,8,260,15
2024-12-05,9,260,15
2024-12-05,10,230,14
2024-12-05,11,230,13
2024-12-05,12,250,14
2024-12-05,13,280,16
2024-12-05,14,350,20
2024-12-05,15,380,20
2024-12-05,16,380,20
2024-12-05,17,380,20
2024-12-05,18,350,17
2024-12-05,19,250,14
2024-12-05,20,200,12
2024-12-05,21,200,12
2024-12-05,22,180,10
2024-12-05,23,80,6
2024-12-06,0,60,5
2024-12-06,1,50,4
2024-12-06,2,30,3
2024-12-06,3,30,3
2024-12-06,4,60,5
2024-12-06,5,150,9
2024-12-06,6,220,13
2024-12-06,7,250,15
2024-12-06,8,280,15
2024-12-06,9,280,15
2024-12-06,10,230,14
2024-12-06,11,230,14
2024-12-06,12,230,15
2024-12-06,13,250,16
2024-12-06,14,320,18
2024-12-06,15,380,19
2024-12-06,16,380,19
2024-12-06,17,380,19
2024-12-06,18,380,19
2024-12-06,19,320,18
2024-12-06,20,300,15
2024-12-06,21,300,14
2024-12-06,22,250,12
2024-12-06,23,180,9
2024-12-07,0,100,7
2024-12-07,1,100,7
2024-12-07,2,110,7
2024-12-07,3,70,4
2024-12-07,4,60,4
2024-12-07,5,100,6
2024-12-07,6,130,7
2024-12-07,7,180,11
2024-12-07,8,250,13
2024-12-07,9,280,16
2024-12-07,10,280,16
2024-12-07,11,280,16
2024-12-07,12,280,16
2024-12-07,13,350,16
2024-12-07,14,350,18
2024-12-07,15,350,18
2024-12-07,16,380,20
2024-12-07,17,400,20
2024-12-07,18,400,20
2024-12-07,19,400,20
2024-12-07,20,400,20
2024-12-07,21,350,20
2024-12-07,22,300,17
2024-12-07,23,230,13
2024-12-08,0,220,11
2024-12-08,1,230,11
2024-12-08,2,170,11
2024-12-08,3,120,7
2024-12-08,4,70,5
2024-12-08,5,80,6
2024-12-08,6,100,7
2024-12-08,7,150,10
2024-12-08,8,210,13
2024-12-08,9,280,16
2024-12-08,10,320,20
2024-12-08,11,350,22
2024-12-08,12,350,22
2024-12-08,13,400,21
2024-12-08,14,400,22
2024-12-08,15,400,22
2024-12-08,16,400,22
2024-12-08,17,400,23
2024-12-08,18,400,21
2024-12-08,19,300,17
2024-12-08,20,300,17
2024-12-08,21,300,17
2024-12-08,22,250,14
2024-12-08,23,150,10
2024-12-09,0,100,6
2024-12-09,1,60,6
2024-12-09,2,40,5
2024-12-09,3,60,5
2024-12-09,4,90,5
2024-12-09,5,180,10
2024-12-09,6,250,13
2024-12-09,7,280,15
2024-12-09,8,280,15
2024-12-09,9,280,15
2024-12-09,10,250,14
2024-12-09,11,260,14
2024-12-09,12,280,14
2024-12-09,13,280,16
2024-12-09,14,350,18
2024-12-09,15,350,20
2024-12-09,16,350,21
2024-12-09,17,350,21
2024-12-09,18,330,18
2024-12-09,19,250,14
2024-12-09,20,220,12
2024-12-09,21,220,12
2024-12-09,22,170,9
2024-12-09,23,100,6
2024-12-10,0,50,4
2024-12-10,1,40,3
2024-12-10,2,30,3
2024-12-10,3,30,3
2024-12-10,4,70,5
2024-12-10,5,150,9
2024-12-10,6,200,13
2024-12-10,7,260,15
2024-12-10,8,260,15
2024-12-10,9,260,15
2024-12-10,10,230,14
2024-12-10,11,230,14
2024-12-10,12,250,15
2024-12-10,13,250,16
2024-12-10,14,350,19
2024-12-10,15,380,20
2024-12-10,16,380,20
2024-12-10,17,380,20
2024-12-10,18,300,18
2024-12-10,19,250,16
2024-12-10,20,200,11
2024-12-10,21,200,12
2024-12-10,22,170,9
2024-12-10,23,80,5
2024-12-11,0,50,4
2024-12-11,1,40,3
2024-12-11,2,30,3
2024-12-11,3,30,3
2024-12-11,4,70,5
2024-12-11,5,150,9
2024-12-11,6,200,13
2024-12-11,7,260,15
2024-12-11,8,260,15
2024-12-11,9,260,15
2024-12-11,10,230,14
2024-12-11,11,230,14
2024-12-11,12,250,14
2024-12-11,13,280,15
2024-12-11,14,350,18
2024-12-11,15,350,20
2024-12-11,16,350,20
2024-12-11,17,350,20
2024-12-11,18,300,17
2024-12-11,19,250,14
2024-12-11,20,200,12
2024-12-11,21,200,12
2024-12-11,22,170,10
2024-12-11,23,100,6
2024-12-12,0,50,4
2024-12-12,1,40,3
2024-12-12,2,30,3
2024-12-12,3,30,3
2024-12-12,4,70,5
2024-12-12,5,150,9
2024-12-12,6,200,13
2024-12-12,7,260,15
2024-12-12,8,260,15
2024-12-12,9,260,15
2024-12-12,10,230,14
2024-12-12,11,230,14
2024-12-12,12,250,14
2024-12-12,13,280,15
2024-12-12,14,350,18
2024-12-12,15,350,20
2024-12-12,16,350,20
2024-12-12,17,350,20
2024-12-12,18,300,16
2024-12-12,19,250,13
2024-12-12,20,200,12
2024-12-12,21,200,12
2024-12-12,22,170,10
2024-12-12,23,100,6
2024-12-13,0,60,4
2024-12-13,1,50,3
2024-12-13,2,30,3
2024-12-13,3,30,3
2024-12-13,4,60,5
2024-12-13,5,150,9
2024-12-13,6,220,13
2024-12-13,7,250,15
2024-12-13,8,280,15
2024-12-13,9,280,15
2024-12-13,10,230,14
2024-12-13,11,230,14
2024-12-13,12,230,15
2024-12-13,13,250,16
2024-12-13,14,320,18
2024-12-13,15,380,19
2024-12-13,16,380,19
2024-12-13,17,380,19
2024-12-13,18,380,19
2024-12-13,19,320,17
2024-12-13,20,300,15
2024-12-13,21,300,13
2024-12-13,22,250,11
2024-12-13,23,180,8
2024-12-14,0,100,6
2024-12-14,1,100,6
2024-12-14,2,110,6
2024-12-14,3,70,4
2024-12-14,4,60,4
2024-12-14,5,100,7
2024-12-14,6,130,8
2024-12-14,7,180,11
2024-12-14,8,250,13
2024-12-14,9,280,15
2024-12-14,10,280,15
2024-12-14,11,280,16
2024-12-14,12,280,16
2024-12-14,13,350,17
2024-12-14,14,350,19
2024-12-14,15,350,19
2024-12-14,16,380,19
2024-12-14,17,400,19
2024-12-14,18,400,20
2024-12-14,19,400,21
2024-12-14,20,400,21
2024-12-14,21,350,21
2024-12-14,22,300,17
2024-12-14,23,230,13
2024-12-15,0,220,10
2024-12-15,1,230,10
2024-12-15,2,170,10
2024-12-15,3,120,6
2024-12-15,4,70,5
2024-12-15,5,80,6
2024-12-15,6,100,7
2024-12-15,7,150,10
2024-12-15,8,210,13
2024-12-15,9,280,16
2024-12-15,10,320,20
2024-12-15,11,350,22
2024-12-15,12,350,22
2024-12-15,13,400,22
2024-12-15,14,400,23
2024-12-15,15,400,23
2024-12-15,16,400,23
2024-12-15,17,400,23
2024-12-15,18,400,21
2024-12-15,19,300,17
2024-12-15,20,300,16
2024-12-15,21,300,16
2024-12-15,22,250,13
2024-12-15,23,150,9
2024-12-16,0,100,6
2024-12-16,1,60,6
2024-12-16,2,40,5
2024-12-16,3,60,5
2024-12-16,4,90,6
2024-12-16,5,180,11
2024-12-16,6,250,13
2024-12-16,7,280,16
2024-12-16,8,280,16
2024-12-16,9,280,16
2024-12-16,10,250,15
2024-12-16,11,260,15
2024-12-16,12,280,15
2024-12-16,13,280,16
2024-12-16,14,350,19
2024-12-16,15,350,21
2024-12-16,16,350,21
2024-12-16,17,350,21
2024-12-16,18,330,18
2024-12-16,19,250,15
2024-12-16,20,220,13
2024-12-16,21,220,13
2024-12-16,22,170,10
2024-12-16,23,100,7
2024-12-17,0,50,5
2024-12-17,1,40,3
2024-12-17,2,30,3
2024-12-17,3,30,3
2024-12-17,4,70,6
2024-12-17,5,150,10
2024-12-17,6,200,14
2024-12-17,7,260,16
2024-12-17,8,260,16
2024-12-17,9,260,16
2024-12-17,10,230,15
2024-12-17,11,230,15
2024-12-17,12,250,15
2024-12-17,13,250,16
2024-12-17,14,350,20
2024-12-17,15,380,21
2024-12-17,16,380,21
2024-12-17,17,380,21
2024-12-17,18,300,19
2024-12-17,19,250,15
2024-12-17,20,200,13
2024-12-17,21,200,13
2024-12-17,22,170,10
2024-12-17,23,80,6
2024-12-18,0,50,4
2024-12-18,1,40,3
2024-12-18,2,30,3
2024-12-18,3,30,3
2024-12-18,4,70,5
2024-12-18,5,150,9
2024-12-18,6,200,13
2024-12-18,7,260,15
2024-12-18,8,260,15
2024-12-18,9,260,15
2024-12-18,10,230,14
2024-12-18,11,230,14
2024-12-18,12,250,14
2024-12-18,13,280,15
2024-12-18,14,350,18
2024-12-18,15,350,20
2024-12-18,16,350,20
2024-12-18,17,350,20
2024-12-18,18,300,17
2024-12-18,19,250,14
2024-12-18,20,200,12
2024-12-18,21,200,12
2024-12-18,22,170,10
2024-12-18,23,100,6
2024-12-19,0,50,4
2024-12-19,1,40,3
2024-12-19,2,30,3
2024-12-19,3,30,3
2024-12-19,4,70,5
2024-12-19,5,150,9
2024-12-19,6,200,13
2024-12-19,7,260,15
2024-12-19,8,260,15
2024-12-19,9,260,15
2024-12-19,10,230,14
2024-12-19,11,230,14
2024-12-19,12,250,14
2024-12-19,13,280,15
2024-12-19,14,350,18
2024-12-19,15,350,20
2024-12-19,16,350,20
2024-12-19,17,350,20
2024-12-19,18,300,16
2024-12-19,19,250,13
2024-12-19,20,200,12
2024-12-19,21,200,12
2024-12-19,22,170,10
2024-12-19,23,100,6
2024-12-20,0,60,4
2024-12-20,1,50,3
2024-12-20,2,30,3
2024-12-20,3,30,3
2024-12-20,4,60,5
2024-12-20,5,150,9
2024-12-20,6,220,13
2024-12-20,7,250,15
2024-12-20,8,280,15
2024-12-20,9,280,15
2024-12-20,10,230,14
2024-12-20,11,230,14
2024-12-20,12,230,15
2024-12-20,13,250,16
2024-12-20,14,320,18
2024-12-20,15,380,19
2024-12-20,16,380,19
2024-12-20,17,380,19
2024-12-20,18,380,19
2024-12-20,19,320,17
2024-12-20,20,300,15
2024-12-20,21,300,13
2024-12-20,22,250,11
2024-12-20,23,180,8
2024-12-21,0,100,6
2024-12-21,1,100,6
2024-12-21,2,110,6
2024-12-21,3,70,4
2024-12-21,4,60,4
2024-12-21,5,100,7
2024-12-21,6,130,8
2024-12-21,7,180,11
2024-12-21,8,250,13
2024-12-21,9,280,15
2024-12-21,10,280,15
2024-12-21,11,280,16
2024-12-21,12,280,16
2024-12-21,13,350,17
2024-12-21,14,350,19
2024-12-21,15,350,19
2024-12-21,16,380,19
2024-12-21,17,400,19
2024-12-21,18,400,20
2024-12-21,19,400,21
2024-12-21,20,400,22
2024-12-21,21,350,22
2024-12-21,22,300,18
2024-12-21,23,230,14
2024-12-22,0,220,10
2024-12-22,1,230,10
2024-12-22,2,170,10
2024-12-22,3,120,6
2024-12-22,4,70,5
2024-12-22,5,80,6
2024-12-22,6,100,7
2024-12-22,7,150,10
2024-12-22,8,210,13
2024-12-22,9,280,16
2024-12-22,10,320,21
2024-12-22,11,350,23
2024-12-22,12,350,23
2024-12-22,13,400,23
2024-12-22,14,400,23
2024-12-22,15,400,23
2024-12-22,16,400,24
2024-12-22,17,400,24
2024-12-22,18,400,22
2024-12-22,19,300,17
2024-12-22,20,300,16
2024-12-22,21,300,16
2024-12-22,22,250,13
2024-12-22,23,150,9
2024-12-16,0,100,6
2024-12-16,1,60,6
2024-12-16,2,40,5
2024-12-16,3,60,5
2024-12-16,4,90,6
2024-12-16,5,180,11
2024-12-16,6,250,13
2024-12-16,7,280,16
2024-12-16,8,280,16
2024-12-16,9,280,16
2024-12-16,10,250,15
2024-12-16,11,260,15
2024-12-16,12,280,15
2024-12-16,13,280,16
2024-12-16,14,350,19
2024-12-16,15,350,21
2024-12-16,16,350,21
2024-12-16,17,350,21
2024-12-16,18,330,18
2024-12-16,19,250,15
2024-12-16,20,220,13
2024-12-16,21,220,13
2024-12-16,22,170,10
2024-12-16,23,100,7
2024-12-17,0,50,5
2024-12-17,1,40,3
2024-12-17,2,30,3
2024-12-17,3,30,3
2024-12-17,4,70,6
2024-12-17,5,150,10
2024-12-17,6,200,14
2024-12-17,7,260,16
2024-12-17,8,260,16
2024-12-17,9,260,16
2024-12-17,10,230,15
2024-12-17,11,230,15
2024-12-17,12,250,15
2024-12-17,13,250,16
2024-12-17,14,350,20
2024-12-17,15,380,21
2024-12-17,16,380,21
2024-12-17,17,380,21
2024-12-17,18,300,19
2024-12-17,19,250,15
2024-12-17,20,200,13
2024-12-17,21,200,13
2024-12-17,22,170,10
2024-12-17,23,80,6
2024-12-18,0,50,5
2024-12-18,1,40,3
2024-12-18,2,30,3
2024-12-18,3,30,3
2024-12-18,4,70,6
2024-12-18,5,150,10
2024-12-18,6,200,14
2024-12-18,7,260,16
2024-12-18,8,260,16
2024-12-18,9,260,16
2024-12-18,10,230,15
2024-12-18,11,230,15
2024-12-18,12,250,15
2024-12-18,13,280,16
2024-12-18,14,350,19
2024-12-18,15,350,20
2024-12-18,16,350,21
2024-12-18,17,350,20
2024-12-18,18,300,18
2024-12-18,19,250,17
2024-12-18,20,200,14
2024-12-18,21,200,14
2024-12-18,22,170,11
2024-12-18,23,100,8
2024-12-19,0,50,5
2024-12-19,1,40,3
2024-12-19,2,30,3
2024-12-19,3,30,3
2024-12-19,4,70,6
2024-12-19,5,150,10
2024-12-19,6,200,14
2024-12-19,7,260,16
2024-12-19,8,260,16
2024-12-19,9,260,16
2024-12-19,10,230,15
2024-12-19,11,230,15
2024-12-19,12,250,15
2024-12-19,13,280,16
2024-12-19,14,350,19
2024-12-19,15,350,21
2024-12-19,16,350,21
2024-12-19,17,350,20
2024-12-19,18,300,16
2024-12-19,19,250,13
2024-12-19,20,200,13
2024-12-19,21,200,14
2024-12-19,22,170,11
2024-12-19,23,100,7
2024-12-20,0,60,6
2024-12-20,1,50,4
2024-12-20,2,30,4
2024-12-20,3,30,4
2024-12-20,4,60,6
2024-12-20,5,150,10
2024-12-20,6,220,13
2024-12-20,7,250,16
2024-12-20,8,280,16
2024-12-20,9,280,16
2024-12-20,10,230,15
2024-12-20,11,230,15
2024-12-20,12,230,15
2024-12-20,13,250,16
2024-12-20,14,320,16
2024-12-20,15,380,19
2024-12-20,16,380,20
2024-12-20,17,380,20
2024-12-20,18,380,20
2024-12-20,19,320,18
2024-12-20,20,300,18
2024-12-20,21,300,16
2024-12-20,22,250,13
2024-12-20,23,180,9
2024-12-21,0,100,7
2024-12-21,1,100,7
2024-12-21,2,110,7
2024-12-21,3,70,5
2024-12-21,4,60,4
2024-12-21,5,100,7
2024-12-21,6,130,9
2024-12-21,7,200,12
2024-12-21,8,250,13
2024-12-21,9,280,15
2024-12-21,10,280,15
2024-12-21,11,280,16
2024-12-21,12,280,17
2024-12-21,13,350,19
2024-12-21,14,350,19
2024-12-21,15,350,19
2024-12-21,16,380,22
2024-12-21,17,400,23
2024-12-21,18,400,23
2024-12-21,19,400,23
2024-12-21,20,400,23
2024-12-21,21,350,22
2024-12-21,22,300,19
2024-12-21,23,230,14
2024-12-22,0,220,11
2024-12-22,1,230,10
2024-12-22,2,170,10
2024-12-22,3,120,6
2024-12-22,4,70,5
2024-12-22,5,80,6
2024-12-22,6,100,7
2024-12-22,7,150,9
2024-12-22,8,210,12
2024-12-22,9,280,15
2024-12-22,10,320,19
2024-12-22,11,350,22
2024-12-22,12,350,22
2024-12-22,13,400,23
2024-12-22,14,400,24
2024-12-22,15,400,25
2024-12-22,16,400,25
2024-12-22,17,400,25
2024-12-22,18,400,23
2024-12-22,19,300,19
2024-12-22,20,300,19
2024-12-22,21,300,18
2024-12-22,22,250,12
2024-12-22,23,150,9
2024-12-23,0,100,5
2024-12-23,1,60,5
2024-12-23,2,40,4
2024-12-23,3,60,4
2024-12-23,4,90,6
2024-12-23,5,180,10
2024-12-23,6,250,12
2024-12-23,7,280,15
2024-12-23,8,280,15
2024-12-23,9,280,15
2024-12-23,10,250,16
2024-12-23,11,260,16
2024-12-23,12,280,16
2024-12-23,13,280,17
2024-12-23,14,350,18
2024-12-23,15,350,20
2024-12-23,16,350,20
2024-12-23,17,350,20
2024-12-23,18,330,20
2024-12-23,19,250,17
2024-12-23,20,220,16
2024-12-23,21,220,16
2024-12-23,22,170,14
2024-12-23,23,100,8
2024-12-24,0,50,5
2024-12-24,1,40,5
2024-12-24,2,30,4
2024-12-24,3,30,4
2024-12-24,4,70,5
2024-12-24,5,150,8
2024-12-24,6,200,10
2024-12-24,7,260,13
2024-12-24,8,260,14
2024-12-24,9,260,14
2024-12-24,10,230,17
2024-12-24,11,230,17
2024-12-24,12,250,17
2024-12-24,13,250,20
2024-12-24,14,350,22
2024-12-24,15,380,22
2024-12-24,16,380,22
2024-12-24,17,380,23
2024-12-24,18,300,24
2024-12-24,19,250,24
2024-12-24,20,200,24
2024-12-24,21,200,23
2024-12-24,22,170,21
2024-12-24,23,80,14
2024-12-25,0,50,10
2024-12-25,1,40,9
2024-12-25,2,30,8
2024-12-25,3,30,7
2024-12-25,4,70,6
2024-12-25,5,150,7
2024-12-25,6,200,9
2024-12-25,7,260,11
2024-12-25,8,260,11
2024-12-25,9,260,12
2024-12-25,10,230,14
2024-12-25,11,230,15
2024-12-25,12,250,15
2024-12-25,13,280,15
2024-12-25,14,350,16
2024-12-25,15,350,18
2024-12-25,16,350,18
2024-12-25,17,350,18
2024-12-25,18,300,16
2024-12-25,19,250,16
2024-12-25,20,200,13
2024-12-25,21,200,13
2024-12-25,22,170,10
2024-12-25,23,100,6
2024-12-26,0,50,6
2024-12-26,1,40,4
2024-12-26,2,30,3
2024-12-26,3,30,3
2024-12-26,4,70,5
2024-12-26,5,150,9
2024-12-26,6,200,13
2024-12-26,7,260,15
2024-12-26,8,260,15
2024-12-26,9,260,15
2024-12-26,10,230,15
2024-12-26,11,230,15
2024-12-26,12,250,15
2024-12-26,13,280,17
2024-12-26,14,350,19
2024-12-26,15,350,20
2024-12-26,16,350,21
2024-12-26,17,350,20
2024-12-26,18,300,17
2024-12-26,19,250,13
2024-12-26,20,200,13
2024-12-26,21,200,13
2024-12-26,22,170,10
2024-12-26,23,100,7
2024-12-27,0,60,5
2024-12-27,1,50,4
2024-12-27,2,30,4
2024-12-27,3,30,3
2024-12-27,4,60,5
2024-12-27,5,150,9
2024-12-27,6,220,12
2024-12-27,7,250,15
2024-12-27,8,280,15
2024-12-27,9,280,15
2024-12-27,10,230,15
2024-12-27,11,230,14
2024-12-27,12,230,15
2024-12-27,13,250,15
2024-12-27,14,320,16
2024-12-27,15,380,20
2024-12-27,16,380,20
2024-12-27,17,380,20
2024-12-27,18,380,19
2024-12-27,19,320,17
2024-12-27,20,300,17
2024-12-27,21,300,16
2024-12-27,22,250,13
2024-12-27,23,180,8
2024-12-28,0,100,7
2024-12-28,1,100,7
2024-12-28,2,110,7
2024-12-28,3,70,6
2024-12-28,4,60,4
2024-12-28,5,100,7
2024-12-28,6,130,9
2024-12-28,7,200,12
2024-12-28,8,250,13
2024-12-28,9,280,15
2024-12-28,10,280,15
2024-12-28,11,280,16
2024-12-28,12,280,16
2024-12-28,13,350,18
2024-12-28,14,350,18
2024-12-28,15,350,18
2024-12-28,16,380,21
2024-12-28,17,400,22
2024-12-28,18,400,23
2024-12-28,19,400,22
2024-12-28,20,400,22
2024-12-28,21,350,22
2024-12-28,22,300,18
2024-12-28,23,230,13
2024-12-29,0,220,10
2024-12-29,1,230,10
2024-12-29,2,170,10
2024-12-29,3,120,8
2024-12-29,4,70,5
2024-12-29,5,80,6
2024-12-29,6,100,7
2024-12-29,7,150,9
2024-12-29,8,210,12
2024-12-29,9,280,16
2024-12-29,10,320,18
2024-12-29,11,350,22
2024-12-29,12,350,22
2024-12-29,13,400,22
2024-12-29,14,400,23
2024-12-29,15,400,23
2024-12-29,16,400,23
2024-12-29,17,400,23
2024-12-29,18,400,22
2024-12-29,19,300,18
2024-12-29,20,300,18
2024-12-29,21,300,18
2024-12-29,22,250,14
2024-12-29,23,150,9
2024-12-30,0,100,6
2024-12-30,1,60,6
2024-12-30,2,40,5
2024-12-30,3,60,5
2024-12-30,4,90,5
2024-12-30,5,180,9
2024-12-30,6,250,11
2024-12-30,7,280,14
2024-12-30,8,280,14
2024-12-30,9,280,14
2024-12-30,10,250,14
2024-12-30,11,260,14
2024-12-30,12,280,15
2024-12-30,13,280,16
2024-12-30,14,350,17
2024-12-30,15,350,20
2024-12-30,16,350,21
2024-12-30,17,350,20
2024-12-30,18,330,19
2024-12-30,19,250,15
2024-12-30,20,220,15
2024-12-30,21,220,15
2024-12-30,22,170,13
2024-12-30,23,100,8
2024-12-31,0,50,5
2024-12-31,1,40,5
2024-12-31,2,30,4
2024-12-31,3,30,4
2024-12-31,4,70,4
2024-12-31,5,150,7
2024-12-31,6,200,9
2024-12-31,7,260,13
2024-12-31,8,260,13
2024-12-31,9,260,13
2024-12-31,10,230,14
2024-12-31,11,230,14
2024-12-31,12,250,15
2024-12-31,13,250,16
2024-12-31,14,350,19
2024-12-31,15,380,19
2024-12-31,16,380,20
2024-12-31,17,380,20
2024-12-31,18,300,20
2024-12-31,19,250,20
2024-12-31,20,200,20
2024-12-31,21,200,20
2024-12-31,22,170,15
2024-12-31,23,80,12
2025-01-01,0,50,9
2025-01-01,1,40,8
2025-01-01,2,30,7
2025-01-01,3,30,6
2025-01-01,4,70,5
2025-01-01,5,150,5
2025-01-01,6,200,7
2025-01-01,7,260,9
2025-01-01,8,260,9
2025-01-01,9,260,11
2025-01-01,10,230,12
2025-01-01,11,230,12
2025-01-01,12,250,12
2025-01-01,13,280,13
2025-01-01,14,350,14
2025-01-01,15,350,14
2025-01-01,16,350,14
2025-01-01,17,350,14
2025-01-01,18,300,13
2025-01-01,19,250,13
2025-01-01,20,200,11
2025-01-01,21,200,11
2025-01-01,22,170,8
2025-01-01,23,100,5
2025-01-02,0,50,5
2025-01-02,1,40,4
2025-01-02,2,30,3
2025-01-02,3,30,3
2025-01-02,4,70,5
2025-01-02,5,150,8
2025-01-02,6,200,12
2025-01-02,7,260,14
2025-01-02,8,260,14
2025-01-02,9,260,14
2025-01-02,10,230,14
2025-01-02,11,230,14
2025-01-02,12,250,14
2025-01-02,13,280,16
2025-01-02,14,350,19
2025-01-02,15,350,19
2025-01-02,16,350,19
2025-01-02,17,350,19
2025-01-02,18,300,17
2025-01-02,19,250,13
2025-01-02,20,200,13
2025-01-02,21,200,13
2025-01-02,22,170,10
2025-01-02,23,100,7
2025-01-03,0,60,5
2025-01-03,1,50,4
2025-01-03,2,30,4
2025-01-03,3,30,3
2025-01-03,4,60,5
2025-01-03,5,150,9
2025-01-03,6,220,12
2025-01-03,7,250,15
2025-01-03,8,280,15
2025-01-03,9,280,15
2025-01-03,10,230,14
2025-01-03,11,230,15
2025-01-03,12,230,15
2025-01-03,13,250,16
2025-01-03,14,320,17
2025-01-03,15,380,20
2025-01-03,16,380,20
2025-01-03,17,380,20
2025-01-03,18,380,20
2025-01-03,19,320,18
2025-01-03,20,300,17
2025-01-03,21,300,16
2025-01-03,22,250,13
2025-01-03,23,180,8
2025-01-04,0,100,7
2025-01-04,1,100,7
2025-01-04,2,110,7
2025-01-04,3,70,6
2025-01-04,4,60,4
2025-01-04,5,100,7
2025-01-04,6,130,9
2025-01-04,7,200,12
2025-01-04,8,250,12
2025-01-04,9,280,14
2025-01-04,10,280,14
2025-01-04,11,280,15
2025-01-04,12,280,16
2025-01-04,13,350,17
2025-01-04,14,350,17
2025-01-04,15,350,17
2025-01-04,16,380,20
2025-01-04,17,400,22
2025-01-04,18,400,23
2025-01-04,19,400,22
2025-01-04,20,400,22
2025-01-04,21,350,22
2025-01-04,22,300,18
2025-01-04,23,230,13
2025-01-05,0,220,10
2025-01-05,1,230,10
2025-01-05,2,170,10
2025-01-05,3,120,8
2025-01-05,4,70,5
2025-01-05,5,80,6
2025-01-05,6,100,7
2025-01-05,7,150,9
2025-01-05,8,210,12
2025-01-05,9,280,15
2025-01-05,10,320,18
2025-01-05,11,350,22
2025-01-05,12,350,22
2025-01-05,13,400,22
2025-01-05,14,400,24
2025-01-05,15,400,24
2025-01-05,16,400,24
2025-01-05,17,400,23
2025-01-05,18,400,21
2025-01-05,19,300,18
2025-01-05,20,300,17
2025-01-05,21,300,17
2025-01-05,22,250,13
2025-01-05,23,150,9
2025-01-06,0,100,6
2025-01-06,1,60,6
2025-01-06,2,40,5
2025-01-06,3,60,5
2025-01-06,4,90,6
2025-01-06,5,180,9
2025-01-06,6,250,11
2025-01-06,7,280,15
2025-01-06,8,280,15
2025-01-06,9,280,15
2025-01-06,10,250,15
2025-01-06,11,260,15
2025-01-06,12,280,16
2025-01-06,13,280,17
2025-01-06,14,350,19
2025-01-06,15,350,20
2025-01-06,16,350,20
2025-01-06,17,350,20
2025-01-06,18,330,19
2025-01-06,19,250,15
2025-01-06,20,220,13
2025-01-06,21,220,13
2025-01-06,22,170,11
2025-01-06,23,100,7
2025-01-07,0,50,4
2025-01-07,1,40,4
2025-01-07,2,30,3
2025-01-07,3,30,3
2025-01-07,4,70,6
2025-01-07,5,150,9
2025-01-07,6,200,11
2025-01-07,7,260,15
2025-01-07,8,260,15
2025-01-07,9,260,15
2025-01-07,10,230,14
2025-01-07,11,230,14
2025-01-07,12,250,16
2025-01-07,13,250,17
2025-01-07,14,350,20
2025-01-07,15,380,20
2025-01-07,16,380,20
2025-01-07,17,380,20
2025-01-07,18,300,20
2025-01-07,19,250,15
2025-01-07,20,200,13
2025-01-07,21,200,13
2025-01-07,22,170,11
2025-01-07,23,80,6
2025-01-08,0,50,4
2025-01-08,1,40,3
2025-01-08,2,30,3
2025-01-08,3,30,3
2025-01-08,4,70,6
2025-01-08,5,150,9
2025-01-08,6,200,11
2025-01-08,7,260,14
2025-01-08,8,260,14
2025-01-08,9,260,14
2025-01-08,10,230,14
2025-01-08,11,230,14
2025-01-08,12,250,15
2025-01-08,13,280,17
2025-01-08,14,350,18
2025-01-08,15,350,18
2025-01-08,16,350,18
2025-01-08,17,350,18
2025-01-08,18,300,18
2025-01-08,19,250,14
2025-01-08,20,200,13
2025-01-08,21,200,13
2025-01-08,22,170,11
2025-01-08,23,100,6
2025-01-09,0,50,4
2025-01-09,1,40,3
2025-01-09,2,30,3
2025-01-09,3,30,3
2025-01-09,4,70,6
2025-01-09,5,150,9
2025-01-09,6,200,11
2025-01-09,7,260,14
2025-01-09,8,260,14
2025-01-09,9,260,14
2025-01-09,10,230,14
2025-01-09,11,230,14
2025-01-09,12,250,15
2025-01-09,13,280,17
2025-01-09,14,350,18
2025-01-09,15,350,18
2025-01-09,16,350,18
2025-01-09,17,350,18
2025-01-09,18,300,18
2025-01-09,19,250,14
2025-01-09,20,200,13
2025-01-09,21,200,13
2025-01-09,22,170,11
2025-01-09,23,100,6
2025-01-10,0,60,5
2025-01-10,1,50,3
2025-01-10,2,30,3
2025-01-10,3,30,3
2025-01-10,4,60,6
2025-01-10,5,150,9
2025-01-10,6,220,11
2025-01-10,7,250,14
2025-01-10,8,280,14
2025-01-10,9,280,14
2025-01-10,10,230,14
2025-01-10,11,230,14
2025-01-10,12,230,15
2025-01-10,13,250,16
2025-01-10,14,320,17
2025-01-10,15,380,19
2025-01-10,16,380,19
2025-01-10,17,380,19
2025-01-10,18,380,19
2025-01-10,19,320,17
2025-01-10,20,300,17
2025-01-10,21,300,17
2025-01-10,22,250,13
2025-01-10,23,180,9
2025-01-11,0,100,6
2025-01-11,1,100,6
2025-01-11,2,110,6
2025-01-11,3,70,5
2025-01-11,4,60,4
2025-01-11,5,100,7
2025-01-11,6,130,8
2025-01-11,7,200,12
2025-01-11,8,250,12
2025-01-11,9,280,13
2025-01-11,10,280,13
2025-01-11,11,280,14
2025-01-11,12,280,15
2025-01-11,13,350,17
2025-01-11,14,350,18
2025-01-11,15,350,18
2025-01-11,16,380,20
2025-01-11,17,400,21
2025-01-11,18,400,21
2025-01-11,19,400,21
2025-01-11,20,400,21
2025-01-11,21,350,20
2025-01-11,22,300,17
2025-01-11,23,230,12
2025-01-12,0,220,9
2025-01-12,1,230,9
2025-01-12,2,170,9
2025-01-12,3,120,8
2025-01-12,4,70,5
2025-01-12,5,80,6
2025-01-12,6,100,7
2025-01-12,7,150,10
2025-01-12,8,210,12
2025-01-12,9,280,14
2025-01-12,10,320,17
2025-01-12,11,350,19
2025-01-12,12,350,20
2025-01-12,13,400,23
2025-01-12,14,400,23
2025-01-12,15,400,23
2025-01-12,16,400,23
2025-01-12,17,400,22
2025-01-12,18,400,20
2025-01-12,19,300,17
2025-01-12,20,300,17
2025-01-12,21,300,17
2025-01-12,22,250,13
2025-01-12,23,150,9
2025-01-20,0,100,6
2025-01-20,1,60,6
2025-01-20,2,40,5
2025-01-20,3,60,5
2025-01-20,4,90,6
2025-01-20,5,180,10
2025-01-20,6,250,12
2025-01-20,7,280,16
2025-01-20,8,280,16
2025-01-20,9,280,16
2025-01-20,10,250,14
2025-01-20,11,260,14
2025-01-20,12,280,16
2025-01-20,13,280,17
2025-01-20,14,350,20
2025-01-20,15,350,21
2025-01-20,16,350,21
2025-01-20,17,350,20
2025-01-20,18,330,20
2025-01-20,19,250,15
2025-01-20,20,220,13
2025-01-20,21,220,13
2025-01-20,22,170,10
2025-01-20,23,100,6
2025-01-21,0,50,4
2025-01-21,1,40,4
2025-01-21,2,30,3
2025-01-21,3,30,3
2025-01-21,4,70,6
2025-01-21,5,150,10
2025-01-21,6,200,12
2025-01-21,7,260,16
2025-01-21,8,260,16
2025-01-21,9,260,16
2025-01-21,10,230,14
2025-01-21,11,230,14
2025-01-21,12,250,16
2025-01-21,13,250,18
2025-01-21,14,350,20
2025-01-21,15,380,21
2025-01-21,16,380,20
2025-01-21,17,380,20
2025-01-21,18,300,20
2025-01-21,19,250,15
2025-01-21,20,200,13
2025-01-21,21,200,13
2025-01-21,22,170,10
2025-01-21,23,80,6
2025-01-22,0,50,4
2025-01-22,1,40,3
2025-01-22,2,30,3
2025-01-22,3,30,3
2025-01-22,4,70,6
2025-01-22,5,150,10
2025-01-22,6,200,12
2025-01-22,7,260,15
2025-01-22,8,260,15
2025-01-22,9,260,15
2025-01-22,10,230,14
2025-01-22,11,230,14
2025-01-22,12,250,15
2025-01-22,13,280,17
2025-01-22,14,350,18
2025-01-22,15,350,19
2025-01-22,16,350,19
2025-01-22,17,350,19
2025-01-22,18,300,19
2025-01-22,19,250,15
2025-01-22,20,200,13
2025-01-22,21,200,13
2025-01-22,22,170,10
2025-01-22,23,100,6
2025-01-23,0,50,4
2025-01-23,1,40,3
2025-01-23,2,30,3
2025-01-23,3,30,3
2025-01-23,4,70,6
2025-01-23,5,150,10
2025-01-23,6,200,12
2025-01-23,7,260,15
2025-01-23,8,260,15
2025-01-23,9,260,15
2025-01-23,10,230,14
2025-01-23,11,230,14
2025-01-23,12,250,15
2025-01-23,13,280,17
2025-01-23,14,350,18
2025-01-23,15,350,19
2025-01-23,16,350,19
2025-01-23,17,350,19
2025-01-23,18,300,19
2025-01-23,19,250,15
2025-01-23,20,200,13
2025-01-23,21,200,13
2025-01-23,22,170,10
2025-01-23,23,100,6
2025-01-24,0,60,4
2025-01-24,1,50,4
2025-01-24,2,30,3
2025-01-24,3,30,3
2025-01-24,4,60,6
2025-01-24,5,150,10
2025-01-24,6,220,12
2025-01-24,7,250,15
2025-01-24,8,280,15
2025-01-24,9,280,15
2025-01-24,10,230,14
2025-01-24,11,230,14
2025-01-24,12,230,16
2025-01-24,13,250,17
2025-01-24,14,320,17
2025-01-24,15,380,19
2025-01-24,16,380,19
2025-01-24,17,380,19
2025-01-24,18,380,19
2025-01-24,19,320,17
2025-01-24,20,300,17
2025-01-24,21,300,16
2025-01-24,22,250,13
2025-01-24,23,180,9
2025-01-25,0,100,7
2025-01-25,1,100,6
2025-01-25,2,110,6
2025-01-25,3,70,5
2025-01-25,4,60,5
2025-01-25,5,100,7
2025-01-25,6,130,9
2025-01-25,7,200,13
2025-01-25,8,250,14
2025-01-25,9,280,15
2025-01-25,10,280,16
2025-01-25,11,280,16
2025-01-25,12,280,16
2025-01-25,13,350,19
2025-01-25,14,350,19
2025-01-25,15,350,19
2025-01-25,16,380,21
2025-01-25,17,400,23
2025-01-25,18,400,23
2025-01-25,19,400,23
2025-01-25,20,400,23
2025-01-25,21,350,19
2025-01-25,22,300,17
2025-01-25,23,230,11
2025-01-26,0,220,8
2025-01-26,1,230,8
2025-01-26,2,170,8
2025-01-26,3,120,7
2025-01-26,4,70,5
2025-01-26,5,80,7
2025-01-26,6,100,8
2025-01-26,7,150,9
2025-01-26,8,210,13
2025-01-26,9,280,16
2025-01-26,10,320,19
2025-01-26,11,350,22
2025-01-26,12,350,22
2025-01-26,13,400,23
2025-01-26,14,400,24
2025-01-26,15,400,23
2025-01-26,16,400,23
2025-01-26,17,400,22
2025-01-26,18,400,22
2025-01-26,19,300,17
2025-01-26,20,300,19
2025-01-26,21,300,18
2025-01-26,22,250,14
2025-01-26,23,150,9
2025-01-13,0,100,6
2025-01-13,1,60,6
2025-01-13,2,40,5
2025-01-13,3,60,5
2025-01-13,4,90,6
2025-01-13,5,180,9
2025-01-13,6,250,11
2025-01-13,7,280,15
2025-01-13,8,280,15
2025-01-13,9,280,15
2025-01-13,10,250,14
2025-01-13,11,260,14
2025-01-13,12,280,16
2025-01-13,13,280,17
2025-01-13,14,350,19
2025-01-13,15,350,19
2025-01-13,16,350,19
2025-01-13,17,350,19
2025-01-13,18,330,18
2025-01-13,19,250,15
2025-01-13,20,220,13
2025-01-13,21,220,13
2025-01-13,22,170,10
2025-01-13,23,100,6
2025-01-14,0,50,4
2025-01-14,1,40,4
2025-01-14,2,30,3
2025-01-14,3,30,3
2025-01-14,4,70,6
2025-01-14,5,150,9
2025-01-14,6,200,11
2025-01-14,7,260,15
2025-01-14,8,260,15
2025-01-14,9,260,15
2025-01-14,10,230,14
2025-01-14,11,230,14
2025-01-14,12,250,16
2025-01-14,13,250,17
2025-01-14,14,350,20
2025-01-14,15,380,20
2025-01-14,16,380,20
2025-01-14,17,380,20
2025-01-14,18,300,20
2025-01-14,19,250,15
2025-01-14,20,200,13
2025-01-14,21,200,13
2025-01-14,22,170,11
2025-01-14,23,80,6
2025-01-15,0,50,4
2025-01-15,1,40,3
2025-01-15,2,30,3
2025-01-15,3,30,3
2025-01-15,4,70,6
2025-01-15,5,150,9
2025-01-15,6,200,11
2025-01-15,7,260,14
2025-01-15,8,260,15
2025-01-15,9,260,15
2025-01-15,10,230,14
2025-01-15,11,230,14
2025-01-15,12,250,14
2025-01-15,13,280,15
2025-01-15,14,350,17
2025-01-15,15,350,18
2025-01-15,16,350,18
2025-01-15,17,350,18
2025-01-15,18,300,16
2025-01-15,19,250,13
2025-01-15,20,200,12
2025-01-15,21,200,12
2025-01-15,22,170,10
2025-01-15,23,100,6
2025-01-16,0,50,4
2025-01-16,1,40,3
2025-01-16,2,30,3
2025-01-16,3,30,3
2025-01-16,4,70,5
2025-01-16,5,150,9
2025-01-16,6,200,11
2025-01-16,7,260,14
2025-01-16,8,260,15
2025-01-16,9,260,15
2025-01-16,10,230,14
2025-01-16,11,230,14
2025-01-16,12,250,14
2025-01-16,13,280,14
2025-01-16,14,350,17
2025-01-16,15,350,18
2025-01-16,16,350,18
2025-01-16,17,350,18
2025-01-16,18,300,18
2025-01-16,19,250,13
2025-01-16,20,200,12
2025-01-16,21,200,12
2025-01-16,22,170,10
2025-01-16,23,100,6
2025-01-17,0,60,4
2025-01-17,1,50,3
2025-01-17,2,30,3
2025-01-17,3,30,3
2025-01-17,4,60,6
2025-01-17,5,150,9
2025-01-17,6,220,11
2025-01-17,7,250,14
2025-01-17,8,280,15
2025-01-17,9,280,15
2025-01-17,10,230,14
2025-01-17,11,230,14
2025-01-17,12,230,14
2025-01-17,13,250,15
2025-01-17,14,320,16
2025-01-17,15,380,18
2025-01-17,16,380,18
2025-01-17,17,380,18
2025-01-17,18,380,18
2025-01-17,19,320,16
2025-01-17,20,300,16
2025-01-17,21,300,15
2025-01-17,22,250,12
2025-01-17,23,180,8
2025-01-18,0,100,7
2025-01-18,1,100,6
2025-01-18,2,110,6
2025-01-18,3,70,5
2025-01-18,4,60,4
2025-01-18,5,100,7
2025-01-18,6,130,8
2025-01-18,7,200,12
2025-01-18,8,250,13
2025-01-18,9,280,14
2025-01-18,10,280,14
2025-01-18,11,280,15
2025-01-18,12,280,15
2025-01-18,13,350,16
2025-01-18,14,350,18
2025-01-18,15,350,18
2025-01-18,16,380,20
2025-01-18,17,400,22
2025-01-18,18,400,21
2025-01-18,19,400,21
2025-01-18,20,400,20
2025-01-18,21,350,19
2025-01-18,22,300,16
2025-01-18,23,230,11
2025-01-19,0,220,8
2025-01-19,1,230,8
2025-01-19,2,170,8
2025-01-19,3,120,7
2025-01-19,4,70,5
2025-01-19,5,80,6
2025-01-19,6,100,7
2025-01-19,7,150,10
2025-01-19,8,210,12
2025-01-19,9,280,15
2025-01-19,10,320,18
2025-01-19,11,350,21
2025-01-19,12,350,21
2025-01-19,13,400,23
2025-01-19,14,400,23
2025-01-19,15,400,24
2025-01-19,16,400,24
2025-01-19,17,400,23
2025-01-19,18,400,20
2025-01-19,19,300,16
2025-01-19,20,300,16
2025-01-19,21,300,16
2025-01-19,22,250,13
2025-01-19,23,150,8
2025-01-27,0,100,6
2025-01-27,1,60,5
2025-01-27,2,40,4
2025-01-27,3,60,4
2025-01-27,4,90,6
2025-01-27,5,180,11
2025-01-27,6,250,13
2025-01-27,7,280,16
2025-01-27,8,280,16
2025-01-27,9,280,16
2025-01-27,10,250,15
2025-01-27,11,260,15
2025-01-27,12,280,16
2025-01-27,13,280,17
2025-01-27,14,350,20
2025-01-27,15,350,20
2025-01-27,16,350,20
2025-01-27,17,350,20
2025-01-27,18,330,19
2025-01-27,19,250,15
2025-01-27,20,220,13
2025-01-27,21,220,13
2025-01-27,22,170,10
2025-01-27,23,100,6
2025-01-28,0,50,4
2025-01-28,1,40,3
2025-01-28,2,30,3
2025-01-28,3,30,3
2025-01-28,4,70,6
2025-01-28,5,150,10
2025-01-28,6,200,12
2025-01-28,7,260,16
2025-01-28,8,260,16
2025-01-28,9,260,16
2025-01-28,10,230,15
2025-01-28,11,230,15
2025-01-28,12,250,16
2025-01-28,13,250,17
2025-01-28,14,350,19
2025-01-28,15,380,19
2025-01-28,16,380,19
2025-01-28,17,380,19
2025-01-28,18,300,19
2025-01-28,19,250,14
2025-01-28,20,200,13
2025-01-28,21,200,13
2025-01-28,22,170,10
2025-01-28,23,80,6
2025-01-29,0,50,4
2025-01-29,1,40,3
2025-01-29,2,30,3
2025-01-29,3,30,3
2025-01-29,4,70,6
2025-01-29,5,150,10
2025-01-29,6,200,12
2025-01-29,7,260,15
2025-01-29,8,260,15
2025-01-29,9,260,15
2025-01-29,10,230,13
2025-01-29,11,230,13
2025-01-29,12,250,13
2025-01-29,13,280,15
2025-01-29,14,350,18
2025-01-29,15,350,18
2025-01-29,16,350,19
2025-01-29,17,350,18
2025-01-29,18,300,18
2025-01-29,19,250,13
2025-01-29,20,200,11
2025-01-29,21,200,12
2025-01-29,22,170,9
2025-01-29,23,100,6
2025-01-30,0,50,4
2025-01-30,1,40,3
2025-01-30,2,30,3
2025-01-30,3,30,3
2025-01-30,4,70,6
2025-01-30,5,150,10
2025-01-30,6,200,12
2025-01-30,7,260,15
2025-01-30,8,260,15
2025-01-30,9,260,15
2025-01-30,10,230,13
2025-01-30,11,230,13
2025-01-30,12,250,13
2025-01-30,13,280,15
2025-01-30,14,350,18
2025-01-30,15,350,19
2025-01-30,16,350,19
2025-01-30,17,350,19
2025-01-30,18,300,19
2025-01-30,19,250,14
2025-01-30,20,200,13
2025-01-30,21,200,12
2025-01-30,22,170,10
2025-01-30,23,100,6
2025-01-31,0,60,4
2025-01-31,1,50,4
2025-01-31,2,30,3
2025-01-31,3,30,3
2025-01-31,4,60,6
2025-01-31,5,150,10
2025-01-31,6,220,13
2025-01-31,7,250,15
2025-01-31,8,280,15
2025-01-31,9,280,15
2025-01-31,10,230,14
2025-01-31,11,230,15
2025-01-31,12,230,16
2025-01-31,13,250,17
2025-01-31,14,320,20
2025-01-31,15,380,20
2025-01-31,16,380,20
2025-01-31,17,380,20
2025-01-31,18,380,20
2025-01-31,19,320,17
2025-01-31,20,300,17
2025-01-31,21,300,15
2025-01-31,22,250,12
2025-01-31,23,180,9
2025-02-01,0,100,6
2025-02-01,1,100,6
2025-02-01,2,110,6
2025-02-01,3,70,5
2025-02-01,4,60,5
2025-02-01,5,100,7
2025-02-01,6,130,9
2025-02-01,7,200,13
2025-02-01,8,250,14
2025-02-01,9,280,15
2025-02-01,10,280,15
2025-02-01,11,280,15
2025-02-01,12,280,15
2025-02-01,13,350,18
2025-02-01,14,350,19
2025-02-01,15,350,19
2025-02-01,16,380,21
2025-02-01,17,400,22
2025-02-01,18,400,23
2025-02-01,19,400,23
2025-02-01,20,400,23
2025-02-01,21,350,20
2025-02-01,22,300,17
2025-02-01,23,230,12
2025-02-02,0,220,8
2025-02-02,1,230,8
2025-02-02,2,170,8
2025-02-02,3,120,7
2025-02-02,4,70,5
2025-02-02,5,80,7
2025-02-02,6,100,8
2025-02-02,7,150,9
2025-02-02,8,210,13
2025-02-02,9,280,16
2025-02-02,10,320,19
2025-02-02,11,350,23
2025-02-02,12,350,23
2025-02-02,13,400,23
2025-02-02,14,400,23
2025-02-02,15,400,23
2025-02-02,16,400,23
2025-02-02,17,400,23
2025-02-02,18,400,23
2025-02-02,19,300,18
2025-02-02,20,300,18
2025-02-02,21,300,16
2025-02-02,22,250,13
2025-02-02,23,150,9
2025-02-03,0,100,5
2025-02-03,1,60,4
2025-02-03,2,40,4
2025-02-03,3,60,4
2025-02-03,4,90,6
2025-02-03,5,180,11
2025-02-03,6,260,14
2025-02-03,7,280,17
2025-02-03,8,280,17
2025-02-03,9,280,17
2025-02-03,10,250,15
2025-02-03,11,250,14
2025-02-03,12,250,14
2025-02-03,13,250,16
2025-02-03,14,350,20
2025-02-03,15,350,20
2025-02-03,16,350,20
2025-02-03,17,350,20
2025-02-03,18,330,18
2025-02-03,19,250,15
2025-02-03,20,220,14
2025-02-03,21,220,14
2025-02-03,22,170,12
2025-02-03,23,100,7
2025-02-04,0,50,4
2025-02-04,1,40,3
2025-02-04,2,30,3
2025-02-04,3,30,3
2025-02-04,4,70,6
2025-02-04,5,150,11
2025-02-04,6,200,14
2025-02-04,7,260,17
2025-02-04,8,260,17
2025-02-04,9,260,17
2025-02-04,10,230,15
2025-02-04,11,230,15
2025-02-04,12,250,15
2025-02-04,13,250,16
2025-02-04,14,350,20
2025-02-04,15,380,20
2025-02-04,16,380,20
2025-02-04,17,380,20
2025-02-04,18,300,18
2025-02-04,19,250,15
2025-02-04,20,200,14
2025-02-04,21,200,14
2025-02-04,22,170,12
2025-02-04,23,80,7
2025-02-05,0,50,4
2025-02-05,1,40,3
2025-02-05,2,30,3
2025-02-05,3,30,3
2025-02-05,4,70,6
2025-02-05,5,150,10
2025-02-05,6,200,13
2025-02-05,7,260,17
2025-02-05,8,260,16
2025-02-05,9,260,15
2025-02-05,10,230,14
2025-02-05,11,230,13
2025-02-05,12,250,13
2025-02-05,13,280,16
2025-02-05,14,350,19
2025-02-05,15,350,19
2025-02-05,16,350,19
2025-02-05,17,350,19
2025-02-05,18,300,18
2025-02-05,19,250,14
2025-02-05,20,200,13
2025-02-05,21,200,13
2025-02-05,22,170,12
2025-02-05,23,100,6
2025-02-06,0,50,4
2025-02-06,1,40,3
2025-02-06,2,30,3
2025-02-06,3,30,3
2025-02-06,4,70,6
2025-02-06,5,150,10
2025-02-06,6,200,13
2025-02-06,7,260,17
2025-02-06,8,260,16
2025-02-06,9,260,15
2025-02-06,10,230,14
2025-02-06,11,230,13
2025-02-06,12,250,13
2025-02-06,13,280,16
2025-02-06,14,350,19
2025-02-06,15,350,19
2025-02-06,16,350,19
2025-02-06,17,350,19
2025-02-06,18,300,18
2025-02-06,19,250,14
2025-02-06,20,200,13
2025-02-06,21,200,13
2025-02-06,22,170,12
2025-02-06,23,100,6
2025-02-07,0,60,4
2025-02-07,1,50,3
2025-02-07,2,30,3
2025-02-07,3,30,3
2025-02-07,4,60,6
2025-02-07,5,150,10
2025-02-07,6,220,13
2025-02-07,7,250,16
2025-02-07,8,280,16
2025-02-07,9,280,15
2025-02-07,10,230,14
2025-02-07,11,230,13
2025-02-07,12,230,15
2025-02-07,13,250,18
2025-02-07,14,320,20
2025-02-07,15,380,20
2025-02-07,16,380,20
2025-02-07,17,380,20
2025-02-07,18,380,20
2025-02-07,19,320,15
2025-02-07,20,300,15
2025-02-07,21,300,15
2025-02-07,22,250,13
2025-02-07,23,180,8
2025-02-08,0,100,6
2025-02-08,1,100,5
2025-02-08,2,110,5
2025-02-08,3,70,4
2025-02-08,4,60,4
2025-02-08,5,100,6
2025-02-08,6,130,8
2025-02-08,7,200,11
2025-02-08,8,250,14
2025-02-08,9,280,17
2025-02-08,10,280,17
2025-02-08,11,280,15
2025-02-08,12,280,15
2025-02-08,13,350,17
2025-02-08,14,350,18
2025-02-08,15,350,19
2025-02-08,16,380,20
2025-02-08,17,400,20
2025-02-08,18,400,21
2025-02-08,19,400,21
2025-02-08,20,400,21
2025-02-08,21,350,18
2025-02-08,22,300,15
2025-02-08,23,230,10
2025-02-09,0,220,7
2025-02-09,1,230,7
2025-02-09,2,170,7
2025-02-09,3,120,6
2025-02-09,4,70,5
2025-02-09,5,80,6
2025-02-09,6,100,7
2025-02-09,7,150,10
2025-02-09,8,210,14
2025-02-09,9,280,17
2025-02-09,10,320,17
2025-02-09,11,350,20
2025-02-09,12,350,20
2025-02-09,13,400,22
2025-02-09,14,400,22
2025-02-09,15,400,23
2025-02-09,16,400,23
2025-02-09,17,400,22
2025-02-09,18,400,22
2025-02-09,19,300,19
2025-02-09,20,300,19
2025-02-09,21,300,15
2025-02-09,22,250,13
2025-02-09,23,150,8
2025-02-10,0,100,5
2025-02-10,1,60,4
2025-02-10,2,40,4
2025-02-10,3,60,4
2025-02-10,4,90,6
2025-02-10,5,180,11
2025-02-10,6,260,14
2025-02-10,7,280,17
2025-02-10,8,280,17
2025-02-10,9,280,17
2025-02-10,10,250,15
2025-02-10,11,250,14
2025-02-10,12,250,15
2025-02-10,13,250,16
2025-02-10,14,350,20
2025-02-10,15,350,20
2025-02-10,16,350,20
2025-02-10,17,350,20
2025-02-10,18,330,17
2025-02-10,19,250,15
2025-02-10,20,220,14
2025-02-10,21,220,14
2025-02-10,22,170,12
2025-02-10,23,100,7
2025-02-11,0,50,4
2025-02-11,1,40,3
2025-02-11,2,30,3
2025-02-11,3,30,3
2025-02-11,4,70,6
2025-02-11,5,150,11
2025-02-11,6,200,14
2025-02-11,7,260,17
2025-02-11,8,260,17
2025-02-11,9,260,17
2025-02-11,10,230,15
2025-02-11,11,230,14
2025-02-11,12,250,15
2025-02-11,13,250,16
2025-02-11,14,350,20
2025-02-11,15,380,20
2025-02-11,16,380,20
2025-02-11,17,380,20
2025-02-11,18,300,18
2025-02-11,19,250,15
2025-02-11,20,200,14
2025-02-11,21,200,14
2025-02-11,22,170,12
2025-02-11,23,80,7
2025-02-12,0,50,4
2025-02-12,1,40,3
2025-02-12,2,30,3
2025-02-12,3,30,3
2025-02-12,4,70,6
2025-02-12,5,150,10
2025-02-12,6,200,13
2025-02-12,7,260,17
2025-02-12,8,260,17
2025-02-12,9,260,15
2025-02-12,10,230,14
2025-02-12,11,230,13
2025-02-12,12,250,14
2025-02-12,13,280,16
2025-02-12,14,350,19
2025-02-12,15,350,19
2025-02-12,16,350,19
2025-02-12,17,350,18
2025-02-12,18,300,17
2025-02-12,19,250,14
2025-02-12,20,200,13
2025-02-12,21,200,13
2025-02-12,22,170,11
2025-02-12,23,100,6
2025-02-13,0,50,4
2025-02-13,1,40,3
2025-02-13,2,30,3
2025-02-13,3,30,3
2025-02-13,4,70,6
2025-02-13,5,150,10
2025-02-13,6,200,13
2025-02-13,7,260,17
2025-02-13,8,260,17
2025-02-13,9,260,15
2025-02-13,10,230,14
2025-02-13,11,230,13
2025-02-13,12,250,14
2025-02-13,13,280,16
2025-02-13,14,350,19
2025-02-13,15,350,19
2025-02-13,16,350,19
2025-02-13,17,350,19
2025-02-13,18,300,17
2025-02-13,19,250,14
2025-02-13,20,200,13
2025-02-13,21,200,13
2025-02-13,22,170,11
2025-02-13,23,100,6
2025-02-14,0,60,4
2025-02-14,1,50,3
2025-02-14,2,30,3
2025-02-14,3,30,3
2025-02-14,4,60,6
2025-02-14,5,150,10
2025-02-14,6,220,13
2025-02-14,7,250,17
2025-02-14,8,280,17
2025-02-14,9,280,16
2025-02-14,10,230,14
2025-02-14,11,230,14
2025-02-14,12,230,15
2025-02-14,13,250,16
2025-02-14,14,320,19
2025-02-14,15,380,20
2025-02-14,16,380,20
2025-02-14,17,380,20
2025-02-14,18,380,20
2025-02-14,19,320,16
2025-02-14,20,300,15
2025-02-14,21,300,16
2025-02-14,22,250,14
2025-02-14,23,180,9
2025-02-15,0,100,7
2025-02-15,1,100,6
2025-02-15,2,110,6
2025-02-15,3,70,5
2025-02-15,4,60,5
2025-02-15,5,100,7
2025-02-15,6,130,8
2025-02-15,7,200,11
2025-02-15,8,250,14
2025-02-15,9,280,17
2025-02-15,10,280,16
2025-02-15,11,280,15
2025-02-15,12,280,15
2025-02-15,13,350,18
2025-02-15,14,350,18
2025-02-15,15,350,19
2025-02-15,16,380,19
2025-02-15,17,400,20
2025-02-15,18,400,21
2025-02-15,19,400,20
2025-02-15,20,400,19
2025-02-15,21,350,19
2025-02-15,22,300,17
2025-02-15,23,230,12
2025-02-16,0,220,9
2025-02-16,1,230,8
2025-02-16,2,170,8
2025-02-16,3,120,7
2025-02-16,4,70,5
2025-02-16,5,80,6
2025-02-16,6,100,7
2025-02-16,7,150,10
2025-02-16,8,210,13
2025-02-16,9,280,17
2025-02-16,10,320,17
2025-02-16,11,350,19
2025-02-16,12,350,20
2025-02-16,13,400,22
2025-02-16,14,400,22
2025-02-16,15,400,23
2025-02-16,16,400,23
2025-02-16,17,400,23
2025-02-16,18,400,22
2025-02-16,19,300,18
2025-02-16,20,300,18
2025-02-16,21,300,15
2025-02-16,22,250,14
2025-02-16,23,150,9
2025-02-17,0,100,6
2025-02-17,1,60,5
2025-02-17,2,40,4
2025-02-17,3,60,4
2025-02-17,4,90,6
2025-02-17,5,180,11
2025-02-17,6,260,14
2025-02-17,7,280,17
2025-02-17,8,300,17
2025-02-17,9,300,17
2025-02-17,10,250,15
2025-02-17,11,250,14
2025-02-17,12,250,15
2025-02-17,13,250,17
2025-02-17,14,350,21
2025-02-17,15,380,21
2025-02-17,16,380,21
2025-02-17,17,380,21
2025-02-17,18,330,18
2025-02-17,19,250,15
2025-02-17,20,220,14
2025-02-17,21,220,14
2025-02-17,22,200,13
2025-02-17,23,100,8
2025-02-18,0,50,4
2025-02-18,1,40,3
2025-02-18,2,30,3
2025-02-18,3,30,3
2025-02-18,4,70,6
2025-02-18,5,150,11
2025-02-18,6,200,14
2025-02-18,7,280,17
2025-02-18,8,300,17
2025-02-18,9,300,17
2025-02-18,10,230,15
2025-02-18,11,230,14
2025-02-18,12,250,15
2025-02-18,13,250,17
2025-02-18,14,350,21
2025-02-18,15,380,21
2025-02-18,16,380,21
2025-02-18,17,380,21
2025-02-18,18,300,18
2025-02-18,19,250,15
2025-02-18,20,200,14
2025-02-18,21,200,14
2025-02-18,22,170,12
2025-02-18,23,80,7
2025-02-19,0,50,4
2025-02-19,1,40,3
2025-02-19,2,30,3
2025-02-19,3,30,3
2025-02-19,4,70,6
2025-02-19,5,150,10
2025-02-19,6,200,13
2025-02-19,7,260,17
2025-02-19,8,260,17
2025-02-19,9,260,15
2025-02-19,10,230,14
2025-02-19,11,230,14
2025-02-19,12,250,14
2025-02-19,13,280,17
2025-02-19,14,350,20
2025-02-19,15,350,20
2025-02-19,16,350,20
2025-02-19,17,350,20
2025-02-19,18,300,18
2025-02-19,19,250,14
2025-02-19,20,200,13
2025-02-19,21,200,13
2025-02-19,22,170,12
2025-02-19,23,100,7
2025-02-20,0,50,4
2025-02-20,1,40,3
2025-02-20,2,30,3
2025-02-20,3,30,3
2025-02-20,4,70,6
2025-02-20,5,150,10
2025-02-20,6,200,13
2025-02-20,7,260,17
2025-02-20,8,260,17
2025-02-20,9,260,15
2025-02-20,10,230,14
2025-02-20,11,230,14
2025-02-20,12,250,14
2025-02-20,13,280,16
2025-02-20,14,350,20
2025-02-20,15,350,20
2025-02-20,16,350,20
2025-02-20,17,350,20
2025-02-20,18,300,17
2025-02-20,19,250,14
2025-02-20,20,200,13
2025-02-20,21,200,13
2025-02-20,22,170,11
2025-02-20,23,100,7
2025-02-21,0,60,4
2025-02-21,1,50,3
2025-02-21,2,30,3
2025-02-21,3,30,3
2025-02-21,4,60,6
2025-02-21,5,150,10
2025-02-21,6,220,13
2025-02-21,7,250,17
2025-02-21,8,280,17
2025-02-21,9,280,16
2025-02-21,10,230,14
2025-02-21,11,230,14
2025-02-21,12,230,15
2025-02-21,13,250,17
2025-02-21,14,320,20
2025-02-21,15,380,20
2025-02-21,16,380,21
2025-02-21,17,380,21
2025-02-21,18,380,20
2025-02-21,19,320,17
2025-02-21,20,300,16
2025-02-21,21,300,16
2025-02-21,22,250,14
2025-02-21,23,180,11
2025-02-22,0,100,7
2025-02-22,1,100,6
2025-02-22,2,110,6
2025-02-22,3,70,5
2025-02-22,4,60,5
2025-02-22,5,100,7
2025-02-22,6,130,8
2025-02-22,7,200,12
2025-02-22,8,250,14
2025-02-22,9,280,17
2025-02-22,10,280,17
2025-02-22,11,280,15
2025-02-22,12,280,15
2025-02-22,13,350,17
2025-02-22,14,350,18
2025-02-22,15,350,20
2025-02-22,16,380,21
2025-02-22,17,400,21
2025-02-22,18,400,21
2025-02-22,19,400,21
2025-02-22,20,400,21
2025-02-22,21,350,20
2025-02-22,22,300,18
2025-02-22,23,230,12
2025-02-23,0,220,9
2025-02-23,1,230,8
2025-02-23,2,170,8
2025-02-23,3,120,7
2025-02-23,4,70,5
2025-02-23,5,80,8
2025-02-23,6,100,9
2025-02-23,7,150,12
2025-02-23,8,210,14
2025-02-23,9,280,17
2025-02-23,10,320,18
2025-02-23,11,350,21
2025-02-23,12,350,22
2025-02-23,13,400,23
2025-02-23,14,400,24
2025-02-23,15,400,24
2025-02-23,16,400,24
2025-02-23,17,400,24
2025-02-23,18,400,23
2025-02-23,19,300,18
2025-02-23,20,300,18
2025-02-23,21,300,16
2025-02-23,22,250,14
2025-02-23,23,150,9
2025-02-24,0,100,6
2025-02-24,1,60,6
2025-02-24,2,40,4
2025-02-24,3,60,4
2025-02-24,4,90,6
2025-02-24,5,180,11
2025-02-24,6,260,14
2025-02-24,7,280,17
2025-02-24,8,300,17
2025-02-24,9,300,17
2025-02-24,10,250,15
2025-02-24,11,250,14
2025-02-24,12,250,15
2025-02-24,13,250,17
2025-02-24,14,350,21
2025-02-24,15,380,21
2025-02-24,16,380,21
2025-02-24,17,380,21
2025-02-24,18,330,18
2025-02-24,19,250,15
2025-02-24,20,220,14
2025-02-24,21,220,14
2025-02-24,22,200,13
2025-02-24,23,100,7
2025-02-25,0,50,4
2025-02-25,1,40,3
2025-02-25,2,30,3
2025-02-25,3,30,3
2025-02-25,4,70,6
2025-02-25,5,150,11
2025-02-25,6,200,14
2025-02-25,7,280,17
2025-02-25,8,300,17
2025-02-25,9,300,16
2025-02-25,10,230,14
2025-02-25,11,230,14
2025-02-25,12,250,15
2025-02-25,13,250,17
2025-02-25,14,350,20
2025-02-25,15,380,20
2025-02-25,16,380,20
2025-02-25,17,380,20
2025-02-25,18,300,18
2025-02-25,19,250,15
2025-02-25,20,200,14
2025-02-25,21,200,14
2025-02-25,22,170,12
2025-02-25,23,80,7
2025-02-26,0,50,4
2025-02-26,1,40,3
2025-02-26,2,30,3
2025-02-26,3,30,3
2025-02-26,4,70,6
2025-02-26,5,150,11
2025-02-26,6,200,13
2025-02-26,7,260,17
2025-02-26,8,260,17
2025-02-26,9,260,16
2025-02-26,10,230,14
2025-02-26,11,230,14
2025-02-26,12,250,15
2025-02-26,13,280,18
2025-02-26,14,350,20
2025-02-26,15,350,20
2025-02-26,16,350,20
2025-02-26,17,350,19
2025-02-26,18,300,18
2025-02-26,19,250,15
2025-02-26,20,200,13
2025-02-26,21,200,13
2025-02-26,22,170,13
2025-02-26,23,100,8
2025-02-27,0,50,4
2025-02-27,1,40,3
2025-02-27,2,30,3
2025-02-27,3,30,3
2025-02-27,4,70,6
2025-02-27,5,150,11
2025-02-27,6,200,13
2025-02-27,7,260,16
2025-02-27,8,260,16
2025-02-27,9,260,16
2025-02-27,10,230,14
2025-02-27,11,230,14
2025-02-27,12,250,15
2025-02-27,13,280,17
2025-02-27,14,350,19
2025-02-27,15,350,19
2025-02-27,16,350,19
2025-02-27,17,350,19
2025-02-27,18,300,18
2025-02-27,19,250,14
2025-02-27,20,200,13
2025-02-27,21,200,13
2025-02-27,22,170,11
2025-02-27,23,100,7
2025-02-28,0,60,4
2025-02-28,1,50,3
2025-02-28,2,30,3
2025-02-28,3,30,3
2025-02-28,4,60,6
2025-02-28,5,150,11
2025-02-28,6,220,13
2025-02-28,7,250,16
2025-02-28,8,280,16
2025-02-28,9,280,15
2025-02-28,10,230,14
2025-02-28,11,230,14
2025-02-28,12,230,15
2025-02-28,13,250,17
2025-02-28,14,320,20
2025-02-28,15,380,20
2025-02-28,16,380,20
2025-02-28,17,380,20
2025-02-28,18,380,20
2025-02-28,19,320,17
2025-02-28,20,300,16
2025-02-28,21,300,16
2025-02-28,22,250,14
2025-02-28,23,180,11
2025-03-01,0,100,7
2025-03-01,1,100,6
2025-03-01,2,110,6
2025-03-01,3,70,5
2025-03-01,4,60,5
2025-03-01,5,100,7
2025-03-01,6,130,8
2025-03-01,7,200,12
2025-03-01,8,250,15
2025-03-01,9,280,17
2025-03-01,10,280,17
2025-03-01,11,280,15
2025-03-01,12,280,15
2025-03-01,13,350,17
2025-03-01,14,350,18
2025-03-01,15,350,20
2025-03-01,16,380,21
2025-03-01,17,400,21
2025-03-01,18,400,21
2025-03-01,19,400,21
2025-03-01,20,400,20
2025-03-01,21,350,20
2025-03-01,22,300,17
2025-03-01,23,230,12
2025-03-02,0,220,9
2025-03-02,1,230,8
2025-03-02,2,170,8
2025-03-02,3,120,7
2025-03-02,4,70,5
2025-03-02,5,80,8
2025-03-02,6,100,9
2025-03-02,7,150,12
2025-03-02,8,210,14
2025-03-02,9,280,17
2025-03-02,10,320,18
2025-03-02,11,350,22
2025-03-02,12,350,22
2025-03-02,13,400,22
2025-03-02,14,400,23
2025-03-02,15,400,23
2025-03-02,16,400,23
2025-03-02,17,400,23
2025-03-02,18,400,22
2025-03-02,19,300,17
2025-03-02,20,300,17
2025-03-02,21,300,16
2025-03-02,22,250,14
2025-03-02,23,150,9
2025-03-03,0,100,6
2025-03-03,1,60,6
2025-03-03,2,40,4
2025-03-03,3,60,4
2025-03-03,4,90,6
2025-03-03,5,180,11
2025-03-03,6,260,15
2025-03-03,7,280,18
2025-03-03,8,300,17
2025-03-03,9,300,17
2025-03-03,10,250,15
2025-03-03,11,250,14
2025-03-03,12,250,15
2025-03-03,13,250,19
2025-03-03,14,350,20
2025-03-03,15,380,20
2025-03-03,16,380,20
2025-03-03,17,380,20
2025-03-03,18,330,18
2025-03-03,19,250,15
2025-03-03,20,220,14
2025-03-03,21,220,14
2025-03-03,22,200,13
2025-03-03,23,100,7
2025-03-04,0,50,4
2025-03-04,1,40,3
2025-03-04,2,30,3
2025-03-04,3,30,3
2025-03-04,4,70,6
2025-03-04,5,150,11
2025-03-04,6,200,14
2025-03-04,7,280,18
2025-03-04,8,300,17
2025-03-04,9,300,17
2025-03-04,10,230,14
2025-03-04,11,230,14
2025-03-04,12,250,15
2025-03-04,13,250,18
2025-03-04,14,350,20
2025-03-04,15,380,20
2025-03-04,16,380,20
2025-03-04,17,380,20
2025-03-04,18,300,18
2025-03-04,19,250,15
2025-03-04,20,200,14
2025-03-04,21,200,14
2025-03-04,22,170,12
2025-03-04,23,80,7
2025-03-05,0,50,4
2025-03-05,1,40,3
2025-03-05,2,30,3
2025-03-05,3,30,3
2025-03-05,4,70,6
2025-03-05,5,150,11
2025-03-05,6,200,14
2025-03-05,7,260,17
2025-03-05,8,260,16
2025-03-05,9,260,16
2025-03-05,10,230,14
2025-03-05,11,230,14
2025-03-05,12,250,15
2025-03-05,13,280,18
2025-03-05,14,350,19
2025-03-05,15,350,19
2025-03-05,16,350,19
2025-03-05,17,350,19
2025-03-05,18,300,18
2025-03-05,19,250,14
2025-03-05,20,200,13
2025-03-05,21,200,13
2025-03-05,22,170,12
2025-03-05,23,100,7
2025-03-06,0,50,4
2025-03-06,1,40,3
2025-03-06,2,30,3
2025-03-06,3,30,3
2025-03-06,4,70,6
2025-03-06,5,150,11
2025-03-06,6,200,14
2025-03-06,7,260,17
2025-03-06,8,260,17
2025-03-06,9,260,16
2025-03-06,10,230,14
2025-03-06,11,230,14
2025-03-06,12,250,15
2025-03-06,13,280,18
2025-03-06,14,350,19
2025-03-06,15,350,18
2025-03-06,16,350,18
2025-03-06,17,350,18
2025-03-06,18,300,17
2025-03-06,19,250,14
2025-03-06,20,200,13
2025-03-06,21,200,13
2025-03-06,22,170,11
2025-03-06,23,100,7
2025-03-07,0,60,4
2025-03-07,1,50,3
2025-03-07,2,30,3
2025-03-07,3,30,3
2025-03-07,4,60,6
2025-03-07,5,150,11
2025-03-07,6,220,14
2025-03-07,7,250,17
2025-03-07,8,280,17
2025-03-07,9,280,16
2025-03-07,10,230,15
2025-03-07,11,230,14
2025-03-07,12,230,15
2025-03-07,13,250,18
2025-03-07,14,320,19
2025-03-07,15,380,19
2025-03-07,16,380,19
2025-03-07,17,380,19
2025-03-07,18,380,19
2025-03-07,19,320,17
2025-03-07,20,300,17
2025-03-07,21,300,16
2025-03-07,22,250,14
2025-03-07,23,180,10
2025-03-08,0,100,7
2025-03-08,1,100,6
2025-03-08,2,110,6
2025-03-08,3,70,5
2025-03-08,4,60,5
2025-03-08,5,100,7
2025-03-08,6,130,8
2025-03-08,7,200,11
2025-03-08,8,250,14
2025-03-08,9,280,16
2025-03-08,10,280,16
2025-03-08,11,280,15
2025-03-08,12,280,15
2025-03-08,13,350,17
2025-03-08,14,350,19
2025-03-08,15,350,20
2025-03-08,16,380,20
2025-03-08,17,400,20
2025-03-08,18,400,20
2025-03-08,19,400,20
2025-03-08,20,400,20
2025-03-08,21,350,20
2025-03-08,22,300,16
2025-03-08,23,230,12
2025-03-09,0,220,9
2025-03-09,1,230,8
2025-03-09,1,0,0
2025-03-09,3,120,8
2025-03-09,4,70,6
2025-03-09,5,80,8
2025-03-09,6,100,9
2025-03-09,7,150,13
2025-03-09,8,210,14
2025-03-09,9,280,17
2025-03-09,10,320,18
2025-03-09,11,350,21
2025-03-09,12,350,21
2025-03-09,13,400,22
2025-03-09,14,400,22
2025-03-09,15,400,22
2025-03-09,16,400,22
2025-03-09,17,400,22
2025-03-09,18,400,21
2025-03-09,19,300,17
2025-03-09,20,300,17
2025-03-09,21,300,16
2025-03-09,22,250,14
2025-03-09,23,150,9
2025-03-10,0,100,6
2025-03-10,1,60,5
2025-03-10,2,40,4
2025-03-10,3,60,4
2025-03-10,4,90,6
2025-03-10,5,180,11
2025-03-10,6,260,15
2025-03-10,7,280,17
2025-03-10,8,300,16
2025-03-10,9,300,16
2025-03-10,10,250,15
2025-03-10,11,250,15
2025-03-10,12,250,15
2025-03-10,13,250,19
2025-03-10,14,350,19
2025-03-10,15,380,19
2025-03-10,16,380,19
2025-03-10,17,380,19
2025-03-10,18,330,18
2025-03-10,19,250,15
2025-03-10,20,220,14
2025-03-10,21,220,14
2025-03-10,22,200,13
2025-03-10,23,100,7
2025-03-11,0,50,4
2025-03-11,1,40,3
2025-03-11,2,30,3
2025-03-11,3,30,3
2025-03-11,4,70,6
2025-03-11,5,150,11
2025-03-11,6,200,14
2025-03-11,7,280,17
2025-03-11,8,300,16
2025-03-11,9,300,16
2025-03-11,10,230,15
2025-03-11,11,230,15
2025-03-11,12,250,15
2025-03-11,13,250,18
2025-03-11,14,350,19
2025-03-11,15,380,19
2025-03-11,16,380,21
2025-03-11,17,380,21
2025-03-11,18,300,20
2025-03-11,19,250,17
2025-03-11,20,200,14
2025-03-11,21,200,14
2025-03-11,22,170,13
2025-03-11,23,80,7
2025-03-12,0,50,4
2025-03-12,1,40,3
2025-03-12,2,30,3
2025-03-12,3,30,3
2025-03-12,4,70,6
2025-03-12,5,150,11
2025-03-12,6,200,14
2025-03-12,7,260,17
2025-03-12,8,260,17
2025-03-12,9,260,17
2025-03-12,10,230,15
2025-03-12,11,230,15
2025-03-12,12,250,15
2025-03-12,13,280,18
2025-03-12,14,350,19
2025-03-12,15,350,19
2025-03-12,16,350,20
2025-03-12,17,350,19
2025-03-12,18,300,18
2025-03-12,19,250,15
2025-03-12,20,200,14
2025-03-12,21,200,14
2025-03-12,22,170,13
2025-03-12,23,100,7
2025-03-13,0,50,4
2025-03-13,1,40,3
2025-03-13,2,30,3
2025-03-13,3,30,3
2025-03-13,4,70,6
2025-03-13,5,150,11
2025-03-13,6,200,14
2025-03-13,7,260,17
2025-03-13,8,260,17
2025-03-13,9,260,17
2025-03-13,10,230,16
2025-03-13,11,230,15
2025-03-13,12,250,16
2025-03-13,13,280,18
2025-03-13,14,350,18
2025-03-13,15,350,18
2025-03-13,16,350,18
2025-03-13,17,350,18
2025-03-13,18,300,18
2025-03-13,19,250,15
2025-03-13,20,200,14
2025-03-13,21,200,14
2025-03-13,22,170,13
2025-03-13,23,100,7
2025-03-14,0,60,4
2025-03-14,1,50,3
2025-03-14,2,30,3
2025-03-14,3,30,3
2025-03-14,4,60,6
2025-03-14,5,150,11
2025-03-14,6,220,14
2025-03-14,7,250,17
2025-03-14,8,280,17
2025-03-14,9,280,17
2025-03-14,10,230,16
2025-03-14,11,230,15
2025-03-14,12,230,16
2025-03-14,13,250,18
2025-03-14,14,320,19
2025-03-14,15,380,19
2025-03-14,16,380,20
2025-03-14,17,380,20
2025-03-14,18,380,20
2025-03-14,19,320,18
2025-03-14,20,300,18
2025-03-14,21,300,17
2025-03-14,22,250,14
2025-03-14,23,180,11
2025-03-15,0,100,8
2025-03-15,1,100,7
2025-03-15,2,110,7
2025-03-15,3,70,5
2025-03-15,4,60,5
2025-03-15,5,100,7
2025-03-15,6,130,8
2025-03-15,7,200,11
2025-03-15,8,250,14
2025-03-15,9,280,17
2025-03-15,10,280,17
2025-03-15,11,280,16
2025-03-15,12,280,16
2025-03-15,13,350,17
2025-03-15,14,350,19
2025-03-15,15,350,20
2025-03-15,16,380,21
2025-03-15,17,400,21
2025-03-15,18,400,21
2025-03-15,19,400,22
2025-03-15,20,400,22
2025-03-15,21,350,21
2025-03-15,22,300,17
2025-03-15,23,230,12
2025-03-16,0,220,9
2025-03-16,1,230,9
2025-03-16,2,170,9
2025-03-16,3,120,8
2025-03-16,4,70,5
2025-03-16,5,80,9
2025-03-16,6,100,11
2025-03-16,7,150,14
2025-03-16,8,210,16
2025-03-16,9,280,18
2025-03-16,10,320,19
2025-03-16,11,350,22
2025-03-16,12,350,23
2025-03-16,13,400,25
2025-03-16,14,400,25
2025-03-16,15,400,25
2025-03-16,16,400,24
2025-03-16,17,400,23
2025-03-16,18,400,22
2025-03-16,19,300,18
2025-03-16,20,300,18
2025-03-16,21,300,17
2025-03-16,22,250,15
2025-03-16,23,150,10
2025-03-17,0,100,6
2025-03-17,1,60,5
2025-03-17,2,40,4
2025-03-17,3,60,4
2025-03-17,4,90,7
2025-03-17,5,180,12
2025-03-17,6,260,16
2025-03-17,7,280,18
2025-03-17,8,300,17
2025-03-17,9,300,17
2025-03-17,10,250,15
2025-03-17,11,250,15
2025-03-17,12,250,16
2025-03-17,13,250,21
2025-03-17,14,350,21
2025-03-17,15,380,21
2025-03-17,16,380,21
2025-03-17,17,380,21
2025-03-17,18,330,18
2025-03-17,19,250,16
2025-03-17,20,220,15
2025-03-17,21,220,15
2025-03-17,22,200,14
2025-03-17,23,100,8
2025-03-18,0,50,5
2025-03-18,1,40,3
2025-03-18,2,30,3
2025-03-18,3,30,3
2025-03-18,4,70,7
2025-03-18,5,150,12
2025-03-18,6,200,14
2025-03-18,7,280,17
2025-03-18,8,300,16
2025-03-18,9,300,16
2025-03-18,10,230,15
2025-03-18,11,230,15
2025-03-18,12,250,16
2025-03-18,13,250,19
2025-03-18,14,350,21
2025-03-18,15,380,20
2025-03-18,16,380,20
2025-03-18,17,380,20
2025-03-18,18,300,19
2025-03-18,19,250,16
2025-03-18,20,200,15
2025-03-18,21,200,15
2025-03-18,22,170,14
2025-03-18,23,80,8
2025-03-19,0,50,4
2025-03-19,1,40,3
2025-03-19,2,30,3
2025-03-19,3,30,3
2025-03-19,4,70,7
2025-03-19,5,150,11
2025-03-19,6,200,14
2025-03-19,7,260,17
2025-03-19,8,260,16
2025-03-19,9,260,16
2025-03-19,10,230,15
2025-03-19,11,230,14
2025-03-19,12,250,16
2025-03-19,13,280,19
2025-03-19,14,350,20
2025-03-19,15,350,20
2025-03-19,16,350,20
2025-03-19,17,350,20
2025-03-19,18,300,18
2025-03-19,19,250,15
2025-03-19,20,200,15
2025-03-19,21,200,15
2025-03-19,22,170,14
2025-03-19,23,100,8
2025-03-20,0,50,4
2025-03-20,1,40,3
2025-03-20,2,30,3
2025-03-20,3,30,3
2025-03-20,4,70,7
2025-03-20,5,150,11
2025-03-20,6,200,14
2025-03-20,7,260,17
2025-03-20,8,260,16
2025-03-20,9,260,15
2025-03-20,10,230,15
2025-03-20,11,230,14
2025-03-20,12,250,16
2025-03-20,13,280,18
2025-03-20,14,350,20
2025-03-20,15,350,20
2025-03-20,16,350,20
2025-03-20,17,350,20
2025-03-20,18,300,18
2025-03-20,19,250,16
2025-03-20,20,200,15
2025-03-20,21,200,15
2025-03-20,22,170,14
2025-03-20,23,100,8
2025-03-21,0,60,5
2025-03-21,1,50,3
2025-03-21,2,30,3
2025-03-21,3,30,3
2025-03-21,4,60,7
2025-03-21,5,150,11
2025-03-21,6,220,14
2025-03-21,7,250,17
2025-03-21,8,280,16
2025-03-21,9,280,15
2025-03-21,10,230,15
2025-03-21,11,230,14
2025-03-21,12,230,16
2025-03-21,13,250,18
2025-03-21,14,320,19
2025-03-21,15,380,19
2025-03-21,16,380,19
2025-03-21,17,380,19
2025-03-21,18,380,19
2025-03-21,19,320,18
2025-03-21,20,300,18
2025-03-21,21,300,18
2025-03-21,22,250,15
2025-03-21,23,180,12
2025-03-22,0,100,9
2025-03-22,1,100,8
2025-03-22,2,110,8
2025-03-22,3,70,6
2025-03-22,4,60,5
2025-03-22,5,100,7
2025-03-22,6,130,8
2025-03-22,7,200,10
2025-03-22,8,250,13
2025-03-22,9,280,17
2025-03-22,10,280,17
2025-03-22,11,280,17
2025-03-22,12,280,17
2025-03-22,13,350,17
2025-03-22,14,350,19
2025-03-22,15,350,20
2025-03-22,16,380,21
2025-03-22,17,400,21
2025-03-22,18,400,21
2025-03-22,19,400,22
2025-03-22,20,400,23
2025-03-22,21,350,22
2025-03-22,22,300,18
2025-03-22,23,230,13
2025-03-23,0,220,10
2025-03-23,1,230,10
2025-03-23,2,170,10
2025-03-23,3,120,8
2025-03-23,4,70,5
2025-03-23,5,80,9
2025-03-23,6,100,11
2025-03-23,7,150,14
2025-03-23,8,210,16
2025-03-23,9,280,17
2025-03-23,10,320,19
2025-03-23,11,350,22
2025-03-23,12,350,23
2025-03-23,13,400,24
2025-03-23,14,400,23
2025-03-23,15,400,24
2025-03-23,16,400,23
2025-03-23,17,400,23
2025-03-23,18,400,23
2025-03-23,19,300,19
2025-03-23,20,300,19
2025-03-23,21,300,18
2025-03-23,22,250,16
2025-03-23,23,150,11
2025-03-24,0,100,7
2025-03-24,1,60,6
2025-03-24,2,40,5
2025-03-24,3,60,5
2025-03-24,4,90,7
2025-03-24,5,180,13
2025-03-24,6,260,16
2025-03-24,7,280,18
2025-03-24,8,300,18
2025-03-24,9,300,16
2025-03-24,10,250,15
2025-03-24,11,250,15
2025-03-24,12,250,16
2025-03-24,13,250,20
2025-03-24,14,350,21
2025-03-24,15,380,22
2025-03-24,16,380,22
2025-03-24,17,380,22
2025-03-24,18,330,18
2025-03-24,19,250,16
2025-03-24,20,220,14
2025-03-24,21,220,14
2025-03-24,22,200,13
2025-03-24,23,100,8
2025-03-25,0,50,5
2025-03-25,1,40,3
2025-03-25,2,30,3
2025-03-25,3,30,3
2025-03-25,4,70,7
2025-03-25,5,150,14
2025-03-25,6,200,17
2025-03-25,7,280,19
2025-03-25,8,300,18
2025-03-25,9,300,17
2025-03-25,10,230,15
2025-03-25,11,230,15
2025-03-25,12,250,17
2025-03-25,13,250,20
2025-03-25,14,350,21
2025-03-25,15,380,21
2025-03-25,16,380,21
2025-03-25,17,380,21
2025-03-25,18,300,21
2025-03-25,19,250,17
2025-03-25,20,200,14
2025-03-25,21,200,14
2025-03-25,22,170,13
2025-03-25,23,80,8
2025-03-26,0,50,4
2025-03-26,1,40,3
2025-03-26,2,30,3
2025-03-26,3,30,3
2025-03-26,4,70,7
2025-03-26,5,150,11
2025-03-26,6,200,15
2025-03-26,7,260,18
2025-03-26,8,260,17
2025-03-26,9,260,17
2025-03-26,10,230,15
2025-03-26,11,230,15
2025-03-26,12,250,17
2025-03-26,13,280,21
2025-03-26,14,350,22
2025-03-26,15,350,22
2025-03-26,16,350,22
2025-03-26,17,350,21
2025-03-26,18,300,19
2025-03-26,19,250,16
2025-03-26,20,200,15
2025-03-26,21,200,14
2025-03-26,22,170,13
2025-03-26,23,100,8
2025-03-27,0,50,4
2025-03-27,1,40,3
2025-03-27,2,30,3
2025-03-27,3,30,3
2025-03-27,4,70,7
2025-03-27,5,150,12
2025-03-27,6,200,15
2025-03-27,7,260,18
2025-03-27,8,260,17
2025-03-27,9,260,16
2025-03-27,10,230,15
2025-03-27,11,230,14
2025-03-27,12,250,16
2025-03-27,13,280,18
2025-03-27,14,350,21
2025-03-27,15,350,21
2025-03-27,16,350,21
2025-03-27,17,350,21
2025-03-27,18,300,18
2025-03-27,19,250,16
2025-03-27,20,200,15
2025-03-27,21,200,15
2025-03-27,22,170,14
2025-03-27,23,100,8
2025-03-28,0,60,5
2025-03-28,1,50,3
2025-03-28,2,30,3
2025-03-28,3,30,3
2025-03-28,4,60,7
2025-03-28,5,150,12
2025-03-28,6,220,15
2025-03-28,7,250,18
2025-03-28,8,280,17
2025-03-28,9,280,17
2025-03-28,10,230,15
2025-03-28,11,230,14
2025-03-28,12,230,16
2025-03-28,13,250,19
2025-03-28,14,320,20
2025-03-28,15,380,21
2025-03-28,16,380,20
2025-03-28,17,380,19
2025-03-28,18,380,19
2025-03-28,19,320,17
2025-03-28,20,300,18
2025-03-28,21,300,18
2025-03-28,22,250,15
2025-03-28,23,180,12
2025-03-29,0,100,9
2025-03-29,1,100,8
2025-03-29,2,110,8
2025-03-29,3,70,6
2025-03-29,4,60,5
2025-03-29,5,100,7
2025-03-29,6,130,9
2025-03-29,7,200,10
2025-03-29,8,250,14
2025-03-29,9,280,18
2025-03-29,10,280,18
2025-03-29,11,280,18
2025-03-29,12,280,18
2025-03-29,13,350,18
2025-03-29,14,350,19
2025-03-29,15,350,20
2025-03-29,16,380,22
2025-03-29,17,400,22
2025-03-29,18,400,22
2025-03-29,19,400,23
2025-03-29,20,400,23
2025-03-29,21,350,23
2025-03-29,22,300,18
2025-03-29,23,230,14
2025-03-30,0,220,10
2025-03-30,1,230,10
2025-03-30,2,170,10
2025-03-30,3,120,8
2025-03-30,4,70,5
2025-03-30,5,80,9
2025-03-30,6,100,11
2025-03-30,7,150,13
2025-03-30,8,210,15
2025-03-30,9,280,17
2025-03-30,10,320,18
2025-03-30,11,350,22
2025-03-30,12,350,25
2025-03-30,13,400,25
2025-03-30,14,400,25
2025-03-30,15,400,25
2025-03-30,16,400,25
2025-03-30,17,400,25
2025-03-30,18,400,25
2025-03-30,19,300,21
2025-03-30,20,300,19
2025-03-30,21,300,19
2025-03-30,22,250,16
2025-03-30,23,150,11
2025-03-24,0,100,7
2025-03-24,1,60,6
2025-03-24,2,40,5
2025-03-24,3,60,5
2025-03-24,4,90,7
2025-03-24,5,180,13
2025-03-24,6,260,16
2025-03-24,7,280,18
2025-03-24,8,300,17
2025-03-24,9,300,16
2025-03-24,10,250,15
2025-03-24,11,250,15
2025-03-24,12,250,16
2025-03-24,13,250,20
2025-03-24,14,350,20
2025-03-24,15,380,22
2025-03-24,16,380,21
2025-03-24,17,380,20
2025-03-24,18,330,20
2025-03-24,19,250,16
2025-03-24,20,220,14
2025-03-24,21,220,15
2025-03-24,22,200,13
2025-03-24,23,100,7
2025-03-25,0,50,4
2025-03-25,1,40,3
2025-03-25,2,30,3
2025-03-25,3,30,3
2025-03-25,4,70,7
2025-03-25,5,150,14
2025-03-25,6,200,17
2025-03-25,7,280,19
2025-03-25,8,300,18
2025-03-25,9,300,17
2025-03-25,10,230,15
2025-03-25,11,230,15
2025-03-25,12,250,17
2025-03-25,13,250,20
2025-03-25,14,350,21
2025-03-25,15,380,21
2025-03-25,16,380,21
2025-03-25,17,380,21
2025-03-25,18,300,21
2025-03-25,19,250,17
2025-03-25,20,200,14
2025-03-25,21,200,14
2025-03-25,22,170,13
2025-03-25,23,80,8
2025-03-26,0,50,4
2025-03-26,1,40,3
2025-03-26,2,30,3
2025-03-26,3,30,3
2025-03-26,4,70,7
2025-03-26,5,150,11
2025-03-26,6,200,15
2025-03-26,7,260,18
2025-03-26,8,260,17
2025-03-26,9,260,17
2025-03-26,10,230,15
2025-03-26,11,230,15
2025-03-26,12,250,17
2025-03-26,13,280,21
2025-03-26,14,350,22
2025-03-26,15,350,22
2025-03-26,16,350,22
2025-03-26,17,350,21
2025-03-26,18,300,19
2025-03-26,19,250,16
2025-03-26,20,200,15
2025-03-26,21,200,14
2025-03-26,22,170,13
2025-03-26,23,100,8
2025-03-27,0,50,4
2025-03-27,1,40,3
2025-03-27,2,30,3
2025-03-27,3,30,3
2025-03-27,4,70,7
2025-03-27,5,150,12
2025-03-27,6,200,15
2025-03-27,7,260,18
2025-03-27,8,260,17
2025-03-27,9,260,16
2025-03-27,10,230,15
2025-03-27,11,230,14
2025-03-27,12,250,16
2025-03-27,13,280,18
2025-03-27,14,350,21
2025-03-27,15,350,21
2025-03-27,16,350,21
2025-03-27,17,350,21
2025-03-27,18,300,18
2025-03-27,19,250,16
2025-03-27,20,200,15
2025-03-27,21,200,15
2025-03-27,22,170,14
2025-03-27,23,100,8
2025-03-28,0,60,5
2025-03-28,1,50,3
2025-03-28,2,30,3
2025-03-28,3,30,3
2025-03-28,4,60,7
2025-03-28,5,150,12
2025-03-28,6,220,15
2025-03-28,7,250,18
2025-03-28,8,280,17
2025-03-28,9,280,17
2025-03-28,10,230,15
2025-03-28,11,230,14
2025-03-28,12,230,16
2025-03-28,13,250,19
2025-03-28,14,320,20
2025-03-28,15,380,21
2025-03-28,16,380,20
2025-03-28,17,380,19
2025-03-28,18,380,19
2025-03-28,19,320,17
2025-03-28,20,300,18
2025-03-28,21,300,18
2025-03-28,22,250,15
2025-03-28,23,180,12
2025-03-29,0,100,9
2025-03-29,1,100,8
2025-03-29,2,110,8
2025-03-29,3,70,6
2025-03-29,4,60,5
2025-03-29,5,100,7
2025-03-29,6,130,9
2025-03-29,7,200,10
2025-03-29,8,250,14
2025-03-29,9,280,18
2025-03-29,10,280,18
2025-03-29,11,280,18
2025-03-29,12,280,18
2025-03-29,13,350,18
2025-03-29,14,350,19
2025-03-29,15,350,20
2025-03-29,16,380,22
2025-03-29,17,400,22
2025-03-29,18,400,22
2025-03-29,19,400,23
2025-03-29,20,400,23
2025-03-29,21,350,23
2025-03-29,22,300,18
2025-03-29,23,230,14
2025-03-30,0,220,10
2025-03-30,1,230,10
2025-03-30,2,170,10
2025-03-30,3,120,8
2025-03-30,4,70,5
2025-03-30,5,80,9
2025-03-30,6,100,11
2025-03-30,7,150,13
2025-03-30,8,210,15
2025-03-30,9,280,17
2025-03-30,10,320,18
2025-03-30,11,350,22
2025-03-30,12,350,25
2025-03-30,13,400,25
2025-03-30,14,400,25
2025-03-30,15,400,25
2025-03-30,16,400,25
2025-03-30,17,400,25
2025-03-30,18,400,25
2025-03-30,19,300,21
2025-03-30,20,300,19
2025-03-30,21,300,19
2025-03-30,22,250,16
2025-03-30,23,150,11
2025-03-31,0,100,7
2025-03-31,1,60,6
2025-03-31,2,40,5
2025-03-31,3,60,5
2025-03-31,4,90,7
2025-03-31,5,180,13
2025-03-31,6,260,16
2025-03-31,7,280,18
2025-03-31,8,300,17
2025-03-31,9,300,16
2025-03-31,10,250,14
2025-03-31,11,250,14
2025-03-31,12,250,16
2025-03-31,13,250,19
2025-03-31,14,350,20
2025-03-31,15,380,21
2025-03-31,16,380,21
2025-03-31,17,380,19
2025-03-31,18,330,19
2025-03-31,19,250,15
2025-03-31,20,220,13
2025-03-31,21,220,14
2025-03-31,22,200,13
2025-03-31,23,100,7
2025-04-01,0,50,4
2025-04-01,1,40,3
2025-04-01,2,30,3
2025-04-01,3,30,3
2025-04-01,4,70,7
2025-04-01,5,150,13
2025-04-01,6,200,16
2025-04-01,7,280,17
2025-04-01,8,300,16
2025-04-01,9,300,15
2025-04-01,10,230,14
2025-04-01,11,230,14
2025-04-01,12,250,15
2025-04-01,13,250,19
2025-04-01,14,350,20
2025-04-01,15,380,19
2025-04-01,16,380,19
2025-04-01,17,380,19
2025-04-01,18,300,18
2025-04-01,19,250,15
2025-04-01,20,200,14
2025-04-01,21,200,14
2025-04-01,22,170,13
2025-04-01,23,80,7
2025-04-02,0,50,4
2025-04-02,1,40,3
2025-04-02,2,30,3
2025-04-02,3,30,3
2025-04-02,4,70,7
2025-04-02,5,150,10
2025-04-02,6,200,13
2025-04-02,7,260,16
2025-04-02,8,260,16
2025-04-02,9,260,15
2025-04-02,10,230,14
2025-04-02,11,230,14
2025-04-02,12,250,15
2025-04-02,13,280,18
2025-04-02,14,350,18
2025-04-02,15,350,18
2025-04-02,16,350,18
2025-04-02,17,350,18
2025-04-02,18,300,17
2025-04-02,19,250,14
2025-04-02,20,200,13
2025-04-02,21,200,13
2025-04-02,22,170,12
2025-04-02,23,100,7
2025-04-03,0,50,4
2025-04-03,1,40,3
2025-04-03,2,30,3
2025-04-03,3,30,3
2025-04-03,4,70,7
2025-04-03,5,150,10
2025-04-03,6,200,13
2025-04-03,7,260,16
2025-04-03,8,260,16
2025-04-03,9,260,15
2025-04-03,10,230,14
2025-04-03,11,230,14
2025-04-03,12,250,15
2025-04-03,13,280,17
2025-04-03,14,350,18
2025-04-03,15,350,18
2025-04-03,16,350,18
2025-04-03,17,350,18
2025-04-03,18,300,17
2025-04-03,19,250,14
2025-04-03,20,200,13
2025-04-03,21,200,13
2025-04-03,22,170,12
2025-04-03,23,100,7
2025-04-04,0,60,5
2025-04-04,1,50,3
2025-04-04,2,30,3
2025-04-04,3,30,3
2025-04-04,4,60,7
2025-04-04,5,150,10
2025-04-04,6,220,13
2025-04-04,7,250,16
2025-04-04,8,280,16
2025-04-04,9,280,15
2025-04-04,10,230,14
2025-04-04,11,230,14
2025-04-04,12,230,15
2025-04-04,13,250,18
2025-04-04,14,320,18
2025-04-04,15,380,18
2025-04-04,16,380,18
2025-04-04,17,380,18
2025-04-04,18,380,18
2025-04-04,19,320,16
2025-04-04,20,300,16
2025-04-04,21,300,15
2025-04-04,22,250,13
2025-04-04,23,180,11
2025-04-05,0,100,8
2025-04-05,1,100,8
2025-04-05,2,110,7
2025-04-05,3,70,5
2025-04-05,4,60,5
2025-04-05,5,100,7
2025-04-05,6,130,9
2025-04-05,7,200,10
2025-04-05,8,250,13
2025-04-05,9,280,16
2025-04-05,10,280,16
2025-04-05,11,280,16
2025-04-05,12,280,17
2025-04-05,13,350,18
2025-04-05,14,350,19
2025-04-05,15,350,20
2025-04-05,16,380,20
2025-04-05,17,400,21
2025-04-05,18,400,21
2025-04-05,19,400,21
2025-04-05,20,400,22
2025-04-05,21,350,22
2025-04-05,22,300,18
2025-04-05,23,230,14
2025-04-06,0,220,10
2025-04-06,1,230,10
2025-04-06,2,170,10
2025-04-06,3,120,8
2025-04-06,4,70,5
2025-04-06,5,80,9
2025-04-06,6,100,11
2025-04-06,7,150,13
2025-04-06,8,210,15
2025-04-06,9,280,16
2025-04-06,10,320,17
2025-04-06,11,350,21
2025-04-06,12,350,22
2025-04-06,13,400,24
2025-04-06,14,400,24
2025-04-06,15,400,24
2025-04-06,16,400,24
2025-04-06,17,400,23
2025-04-06,18,400,22
2025-04-06,19,300,19
2025-04-06,20,300,18
2025-04-06,21,300,17
2025-04-06,22,250,15
2025-04-06,23,150,11
2025-04-07,0,100,7
2025-04-07,1,60,6
2025-04-07,2,40,5
2025-04-07,3,60,5
2025-04-07,4,90,7
2025-04-07,5,180,13
2025-04-07,6,260,16
2025-04-07,7,280,18
2025-04-07,8,300,17
2025-04-07,9,300,16
2025-04-07,10,250,14
2025-04-07,11,250,14
2025-04-07,12,250,15
2025-04-07,13,250,19
2025-04-07,14,350,20
2025-04-07,15,380,21
2025-04-07,16,380,21
2025-04-07,17,380,21
2025-04-07,18,330,19
2025-04-07,19,250,15
2025-04-07,20,220,13
2025-04-07,21,220,14
2025-04-07,22,200,13
2025-04-07,23,100,7
2025-04-08,0,50,4
2025-04-08,1,40,3
2025-04-08,2,30,3
2025-04-08,3,30,3
2025-04-08,4,70,7
2025-04-08,5,150,13
2025-04-08,6,200,16
2025-04-08,7,280,17
2025-04-08,8,300,17
2025-04-08,9,300,17
2025-04-08,10,230,15
2025-04-08,11,230,15
2025-04-08,12,250,15
2025-04-08,13,250,18
2025-04-08,14,350,21
2025-04-08,15,380,21
2025-04-08,16,380,21
2025-04-08,17,380,21
2025-04-08,18,300,18
2025-04-08,19,250,16
2025-04-08,20,200,14
2025-04-08,21,200,15
2025-04-08,22,170,12
2025-04-08,23,80,7
2025-04-09,0,50,4
2025-04-09,1,40,3
2025-04-09,2,30,3
2025-04-09,3,30,3
2025-04-09,4,70,7
2025-04-09,5,150,11
2025-04-09,6,200,14
2025-04-09,7,260,17
2025-04-09,8,260,17
2025-04-09,9,260,16
2025-04-09,10,230,15
2025-04-09,11,230,15
2025-04-09,12,250,16
2025-04-09,13,280,19
2025-04-09,14,350,19
2025-04-09,15,350,19
2025-04-09,16,350,19
2025-04-09,17,350,19
2025-04-09,18,300,18
2025-04-09,19,250,15
2025-04-09,20,200,13
2025-04-09,21,200,13
2025-04-09,22,170,12
2025-04-09,23,100,7
2025-04-10,0,50,4
2025-04-10,1,40,3
2025-04-10,2,30,3
2025-04-10,3,30,3
2025-04-10,4,70,7
2025-04-10,5,150,11
2025-04-10,6,200,14
2025-04-10,7,260,17
2025-04-10,8,260,17
2025-04-10,9,260,16
2025-04-10,10,230,15
2025-04-10,11,230,14
2025-04-10,12,250,16
2025-04-10,13,280,18
2025-04-10,14,350,19
2025-04-10,15,350,19
2025-04-10,16,350,19
2025-04-10,17,350,19
2025-04-10,18,300,18
2025-04-10,19,250,15
2025-04-10,20,200,14
2025-04-10,21,200,14
2025-04-10,22,170,12
2025-04-10,23,100,7
2025-04-11,0,60,5
2025-04-11,1,50,3
2025-04-11,2,30,3
2025-04-11,3,30,3
2025-04-11,4,60,7
2025-04-11,5,150,11
2025-04-11,6,220,13
2025-04-11,7,250,17
2025-04-11,8,280,17
2025-04-11,9,280,15
2025-04-11,10,230,14
2025-04-11,11,230,14
2025-04-11,12,230,16
2025-04-11,13,250,19
2025-04-11,14,320,19
2025-04-11,15,380,20
2025-04-11,16,380,20
2025-04-11,17,380,20
2025-04-11,18,380,19
2025-04-11,19,320,18
2025-04-11,20,300,18
2025-04-11,21,300,16
2025-04-11,22,250,14
2025-04-11,23,180,13
2025-04-12,0,100,9
2025-04-12,1,100,9
2025-04-12,2,110,8
2025-04-12,3,70,6
2025-04-12,4,60,5
2025-04-12,5,100,7
2025-04-12,6,130,10
2025-04-12,7,200,11
2025-04-12,8,250,14
2025-04-12,9,280,17
2025-04-12,10,280,17
2025-04-12,11,280,17
2025-04-12,12,280,18
2025-04-12,13,350,21
2025-04-12,14,350,21
2025-04-12,15,350,21
2025-04-12,16,380,23
2025-04-12,17,400,23
2025-04-12,18,400,23
2025-04-12,19,400,24
2025-04-12,20,400,24
2025-04-12,21,350,24
2025-04-12,22,300,20
2025-04-12,23,230,15
2025-04-13,0,220,12
2025-04-13,1,230,11
2025-04-13,2,170,11
2025-04-13,3,120,9
2025-04-13,4,70,6
2025-04-13,5,80,9
2025-04-13,6,100,11
2025-04-13,7,150,14
2025-04-13,8,210,15
2025-04-13,9,280,17
2025-04-13,10,320,19
2025-04-13,11,350,22
2025-04-13,12,350,25
2025-04-13,13,400,26
2025-04-13,14,400,26
2025-04-13,15,400,26
2025-04-13,16,400,25
2025-04-13,17,400,24
2025-04-13,18,400,23
2025-04-13,19,300,20
2025-04-13,20,300,20
2025-04-13,21,300,18
2025-04-13,22,250,15
2025-04-13,23,150,12
2025-04-14,0,100,7
2025-04-14,1,60,7
2025-04-14,2,40,5
2025-04-14,3,60,5
2025-04-14,4,90,7
2025-04-14,5,180,13
2025-04-14,6,260,17
2025-04-14,7,280,19
2025-04-14,8,300,19
2025-04-14,9,300,17
2025-04-14,10,250,15
2025-04-14,11,250,15
2025-04-14,12,250,17
2025-04-14,13,250,21
2025-04-14,14,350,22
2025-04-14,15,380,22
2025-04-14,16,380,22
2025-04-14,17,380,22
2025-04-14,18,330,20
2025-04-14,19,250,17
2025-04-14,20,220,15
2025-04-14,21,220,15
2025-04-14,22,200,13
2025-04-14,23,100,7
2025-04-15,0,50,4
2025-04-15,1,40,3
2025-04-15,2,30,3
2025-04-15,3,30,3
2025-04-15,4,70,7
2025-04-15,5,150,13
2025-04-15,6,200,16
2025-04-15,7,280,18
2025-04-15,8,300,18
2025-04-15,9,300,18
2025-04-15,10,230,16
2025-04-15,11,230,15
2025-04-15,12,250,16
2025-04-15,13,250,19
2025-04-15,14,350,22
2025-04-15,15,380,22
2025-04-15,16,380,22
2025-04-15,17,380,22
2025-04-15,18,300,19
2025-04-15,19,250,17
2025-04-15,20,200,14
2025-04-15,21,200,15
2025-04-15,22,170,12
2025-04-15,23,80,7
2025-04-16,0,50,4
2025-04-16,1,40,3
2025-04-16,2,30,3
2025-04-16,3,30,3
2025-04-16,4,70,7
2025-04-16,5,150,12
2025-04-16,6,200,15
2025-04-16,7,260,17
2025-04-16,8,260,17
2025-04-16,9,260,17
2025-04-16,10,230,15
2025-04-16,11,230,15
2025-04-16,12,250,16
2025-04-16,13,280,20
2025-04-16,14,350,20
2025-04-16,15,350,20
2025-04-16,16,350,20
2025-04-16,17,350,20
2025-04-16,18,300,18
2025-04-16,19,250,16
2025-04-16,20,200,14
2025-04-16,21,200,14
2025-04-16,22,170,12
2025-04-16,23,100,7
2025-04-17,0,50,4
2025-04-17,1,40,3
2025-04-17,2,30,3
2025-04-17,3,30,3
2025-04-17,4,70,7
2025-04-17,5,150,12
2025-04-17,6,200,15
2025-04-17,7,260,17
2025-04-17,8,260,17
2025-04-17,9,260,17
2025-04-17,10,230,15
2025-04-17,11,230,15
2025-04-17,12,250,16
2025-04-17,13,280,20
2025-04-17,14,350,20
2025-04-17,15,350,20
2025-04-17,16,350,20
2025-04-17,17,350,20
2025-04-17,18,300,18
2025-04-17,19,250,16
2025-04-17,20,200,14
2025-04-17,21,200,14
2025-04-17,22,170,12
2025-04-17,23,100,7
2025-04-18,0,60,5
2025-04-18,1,50,3
2025-04-18,2,30,3
2025-04-18,3,30,3
2025-04-18,4,60,7
2025-04-18,5,150,12
2025-04-18,6,220,15
2025-04-18,7,250,18
2025-04-18,8,280,18
2025-04-18,9,280,17
2025-04-18,10,230,15
2025-04-18,11,230,15
2025-04-18,12,230,16
2025-04-18,13,250,20
2025-04-18,14,320,20
2025-04-18,15,380,21
2025-04-18,16,380,21
2025-04-18,17,380,21
2025-04-18,18,380,22
2025-04-18,19,320,20
2025-04-18,20,300,18
2025-04-18,21,300,17
2025-04-18,22,250,13
2025-04-18,23,180,11
2025-04-19,0,100,9
2025-04-19,1,100,9
2025-04-19,2,110,8
2025-04-19,3,70,6
2025-04-19,4,60,5
2025-04-19,5,100,7
2025-04-19,6,130,10
2025-04-19,7,200,11
2025-04-19,8,250,14
2025-04-19,9,280,18
2025-04-19,10,280,17
2025-04-19,11,280,17
2025-04-19,12,280,18
2025-04-19,13,350,19
2025-04-19,14,350,20
2025-04-19,15,350,21
2025-04-19,16,380,21
2025-04-19,17,400,22
2025-04-19,18,400,22
2025-04-19,19,400,22
2025-04-19,20,400,22
2025-04-19,21,350,22
2025-04-19,22,300,19
2025-04-19,23,230,14
2025-04-20,0,220,12
2025-04-20,1,230,11
2025-04-20,2,170,11
2025-04-20,3,120,9
2025-04-20,4,70,6
2025-04-20,5,80,9
2025-04-20,6,100,11
2025-04-20,7,150,15
2025-04-20,8,210,15
2025-04-20,9,280,17
2025-04-20,10,320,21
2025-04-20,11,350,24
2025-04-20,12,350,25
2025-04-20,13,400,26
2025-04-20,14,400,26
2025-04-20,15,400,25
2025-04-20,16,400,26
2025-04-20,17,400,25
2025-04-20,18,400,24
2025-04-20,19,300,22
2025-04-20,20,300,20
2025-04-20,21,300,19
2025-04-20,22,250,15
2025-04-20,23,150,11
2025-04-21,0,100,7
2025-04-21,1,60,7
2025-04-21,2,40,5
2025-04-21,3,60,5
2025-04-21,4,90,7
2025-04-21,5,180,13
2025-04-21,6,260,17
2025-04-21,7,280,19
2025-04-21,8,300,19
2025-04-21,9,300,17
2025-04-21,10,250,15
2025-04-21,11,250,15
2025-04-21,12,250,17
2025-04-21,13,250,21
2025-04-21,14,350,22
2025-04-21,15,380,22
2025-04-21,16,380,22
2025-04-21,17,380,22
2025-04-21,18,330,21
2025-04-21,19,250,17
2025-04-21,20,220,15
2025-04-21,21,220,15
2025-04-21,22,200,12
2025-04-21,23,100,7
2025-04-22,0,50,4
2025-04-22,1,40,3
2025-04-22,2,30,3
2025-04-22,3,30,3
2025-04-22,4,70,7
2025-04-22,5,150,13
2025-04-22,6,200,16
2025-04-22,7,280,18
2025-04-22,8,300,18
2025-04-22,9,300,18
2025-04-22,10,230,16
2025-04-22,11,230,15
2025-04-22,12,250,16
2025-04-22,13,250,19
2025-04-22,14,350,22
2025-04-22,15,380,22
2025-04-22,16,380,22
2025-04-22,17,380,22
2025-04-22,18,300,20
2025-04-22,19,250,17
2025-04-22,20,200,14
2025-04-22,21,200,15
2025-04-22,22,170,12
2025-04-22,23,80,7
2025-04-23,0,50,4
2025-04-23,1,40,3
2025-04-23,2,30,3
2025-04-23,3,30,3
2025-04-23,4,70,7
2025-04-23,5,150,12
2025-04-23,6,200,15
2025-04-23,7,260,17
2025-04-23,8,260,17
2025-04-23,9,260,17
2025-04-23,10,230,15
2025-04-23,11,230,15
2025-04-23,12,250,16
2025-04-23,13,280,20
2025-04-23,14,350,20
2025-04-23,15,350,20
2025-04-23,16,350,20
2025-04-23,17,350,20
2025-04-23,18,300,18
2025-04-23,19,250,17
2025-04-23,20,200,14
2025-04-23,21,200,14
2025-04-23,22,170,12
2025-04-23,23,100,7
2025-04-24,0,50,4
2025-04-24,1,40,3
2025-04-24,2,30,3
2025-04-24,3,30,3
2025-04-24,4,70,7
2025-04-24,5,150,12
2025-04-24,6,200,15
2025-04-24,7,260,17
2025-04-24,8,260,17
2025-04-24,9,260,17
2025-04-24,10,230,15
2025-04-24,11,230,15
2025-04-24,12,250,16
2025-04-24,13,280,20
2025-04-24,14,350,20
2025-04-24,15,350,20
2025-04-24,16,350,20
2025-04-24,17,350,20
2025-04-24,18,300,18
2025-04-24,19,250,16
2025-04-24,20,200,14
2025-04-24,21,200,14
2025-04-24,22,170,12
2025-04-24,23,100,7
2025-04-25,0,60,5
2025-04-25,1,50,3
2025-04-25,2,30,3
2025-04-25,3,30,3
2025-04-25,4,60,7
2025-04-25,5,150,12
2025-04-25,6,220,15
2025-04-25,7,250,18
2025-04-25,8,280,18
2025-04-25,9,280,17
2025-04-25,10,230,15
2025-04-25,11,230,15
2025-04-25,12,230,17
2025-04-25,13,250,19
2025-04-25,14,320,21
2025-04-25,15,380,21
2025-04-25,16,380,21
2025-04-25,17,380,21
2025-04-25,18,380,21
2025-04-25,19,320,20
2025-04-25,20,300,20
2025-04-25,21,300,19
2025-04-25,22,250,16
2025-04-25,23,180,14
2025-04-26,0,100,9
2025-04-26,1,100,9
2025-04-26,2,110,8
2025-04-26,3,70,6
2025-04-26,4,60,5
2025-04-26,5,100,7
2025-04-26,6,130,10
2025-04-26,7,200,11
2025-04-26,8,250,14
2025-04-26,9,280,18
2025-04-26,10,280,17
2025-04-26,11,280,17
2025-04-26,12,280,18
2025-04-26,13,350,19
2025-04-26,14,350,20
2025-04-26,15,350,21
2025-04-26,16,380,21
2025-04-26,17,400,22
2025-04-26,18,400,22
2025-04-26,19,400,23
2025-04-26,20,400,23
2025-04-26,21,350,23
2025-04-26,22,300,21
2025-04-26,23,230,16
2025-04-27,0,220,12
2025-04-27,1,230,11
2025-04-27,2,170,11
2025-04-27,3,120,9
2025-04-27,4,70,6
2025-04-27,5,80,9
2025-04-27,6,100,11
2025-04-27,7,150,15
2025-04-27,8,210,15
2025-04-27,9,280,17
2025-04-27,10,320,21
2025-04-27,11,350,24
2025-04-27,12,350,25
2025-04-27,13,400,26
2025-04-27,14,400,26
2025-04-27,15,400,26
2025-04-27,16,400,26
2025-04-27,17,400,25
2025-04-27,18,400,23
2025-04-27,19,300,22
2025-04-27,20,300,21
2025-04-27,21,300,19
2025-04-27,22,250,17
2025-04-27,23,150,13
2025-04-28,0,100,7
2025-04-28,1,60,7
2025-04-28,2,40,5
2025-04-28,3,60,5
2025-04-28,4,90,7
2025-04-28,5,180,13
2025-04-28,6,260,17
2025-04-28,7,280,19
2025-04-28,8,300,19
2025-04-28,9,300,17
2025-04-28,10,250,15
2025-04-28,11,250,15
2025-04-28,12,250,17
2025-04-28,13,250,21
2025-04-28,14,350,22
2025-04-28,15,380,22
2025-04-28,16,380,22
2025-04-28,17,380,22
2025-04-28,18,330,21
2025-04-28,19,250,17
2025-04-28,20,220,15
2025-04-28,21,220,15
2025-04-28,22,200,13
2025-04-28,23,100,8
2025-04-29,0,50,4
2025-04-29,1,40,3
2025-04-29,2,30,3
2025-04-29,3,30,3
2025-04-29,4,70,7
2025-04-29,5,150,13
2025-04-29,6,200,16
2025-04-29,7,280,19
2025-04-29,8,300,18
2025-04-29,9,300,18
2025-04-29,10,230,16
2025-04-29,11,230,16
2025-04-29,12,250,17
2025-04-29,13,250,20
2025-04-29,14,350,23
2025-04-29,15,380,23
2025-04-29,16,380,23
2025-04-29,17,380,23
2025-04-29,18,300,22
2025-04-29,19,250,17
2025-04-29,20,200,15
2025-04-29,21,200,15
2025-04-29,22,170,13
2025-04-29,23,80,8
2025-04-30,0,50,4
2025-04-30,1,40,3
2025-04-30,2,30,3
2025-04-30,3,30,3
2025-04-30,4,70,7
2025-04-30,5,150,12
2025-04-30,6,200,15
2025-04-30,7,260,17
2025-04-30,8,260,17
2025-04-30,9,260,17
2025-04-30,10,230,15
2025-04-30,11,230,15
2025-04-30,12,250,17
2025-04-30,13,280,20
2025-04-30,14,350,20
2025-04-30,15,350,20
2025-04-30,16,350,20
2025-04-30,17,350,20
2025-04-30,18,300,20
2025-04-30,19,250,18
2025-04-30,20,200,16
2025-04-30,21,200,16
2025-04-30,22,170,13
2025-04-30,23,100,8
2025-05-01,0,50,4
2025-05-01,1,40,3
2025-05-01,2,30,3
2025-05-01,3,30,3
2025-05-01,4,70,7
2025-05-01,5,150,12
2025-05-01,6,200,15
2025-05-01,7,260,17
2025-05-01,8,260,17
2025-05-01,9,260,17
2025-05-01,10,230,15
2025-05-01,11,230,15
2025-05-01,12,250,16
2025-05-01,13,280,20
2025-05-01,14,350,20
2025-05-01,15,350,21
2025-05-01,16,350,21
2025-05-01,17,350,21
2025-05-01,18,300,19
2025-05-01,19,250,18
2025-05-01,20,200,15
2025-05-01,21,200,15
2025-05-01,22,170,13
2025-05-01,23,100,8
2025-05-02,0,60,5
2025-05-02,1,50,3
2025-05-02,2,30,3
2025-05-02,3,30,3
2025-05-02,4,60,7
2025-05-02,5,150,12
2025-05-02,6,220,15
2025-05-02,7,250,18
2025-05-02,8,280,18
2025-05-02,9,280,17
2025-05-02,10,230,16
2025-05-02,11,230,16
2025-05-02,12,230,17
2025-05-02,13,250,19
2025-05-02,14,320,20
2025-05-02,15,380,20
2025-05-02,16,380,21
2025-05-02,17,380,21
2025-05-02,18,380,21
2025-05-02,19,320,20
2025-05-02,20,300,20
2025-05-02,21,300,19
2025-05-02,22,250,16
2025-05-02,23,180,14
2025-05-03,0,100,9
2025-05-03,1,100,9
2025-05-03,2,110,8
2025-05-03,3,70,6
2025-05-03,4,70,5
2025-05-03,5,140,7
2025-05-03,6,180,10
2025-05-03,7,200,11
2025-05-03,8,250,12
2025-05-03,9,280,19
2025-05-03,10,280,18
2025-05-03,11,280,18
2025-05-03,12,280,18
2025-05-03,13,350,19
2025-05-03,14,350,20
2025-05-03,15,350,22
2025-05-03,16,380,23
2025-05-03,17,400,23
2025-05-03,18,400,23
2025-05-03,19,400,24
2025-05-03,20,400,24
2025-05-03,21,350,24
2025-05-03,22,300,23
2025-05-03,23,230,17
2025-05-04,0,200,13
2025-05-04,1,150,12
2025-05-04,2,170,12
2025-05-04,3,80,10
2025-05-04,4,70,6
2025-05-04,5,100,9
2025-05-04,6,110,11
2025-05-04,7,180,15
2025-05-04,8,380,15
2025-05-04,9,380,18
2025-05-04,10,380,21
2025-05-04,11,380,23
2025-05-04,12,450,25
2025-05-04,13,450,25
2025-05-04,14,480,26
2025-05-04,15,480,26
2025-05-04,16,480,26
2025-05-04,17,480,26
2025-05-04,18,480,24
2025-05-04,19,350,24
2025-05-04,20,350,24
2025-05-04,21,350,22
2025-05-04,22,250,19
2025-05-04,23,180,15
2025-05-05,0,100,7
2025-05-05,1,60,7
2025-05-05,2,40,5
2025-05-05,3,60,5
2025-05-05,4,90,7
2025-05-05,5,180,13
2025-05-05,6,260,17
2025-05-05,7,280,19
2025-05-05,8,300,19
2025-05-05,9,300,18
2025-05-05,10,250,16
2025-05-05,11,250,16
2025-05-05,12,250,18
2025-05-05,13,250,22
2025-05-05,14,350,23
2025-05-05,15,380,23
2025-05-05,16,380,23
2025-05-05,17,380,23
2025-05-05,18,330,22
2025-05-05,19,250,17
2025-05-05,20,220,15
2025-05-05,21,220,15
2025-05-05,22,200,13
2025-05-05,23,100,8
2025-05-06,0,50,4
2025-05-06,1,40,3
2025-05-06,2,30,3
2025-05-06,3,30,3
2025-05-06,4,70,7
2025-05-06,5,150,13
2025-05-06,6,200,16
2025-05-06,7,280,19
2025-05-06,8,300,19
2025-05-06,9,300,18
2025-05-06,10,230,16
2025-05-06,11,230,16
2025-05-06,12,250,17
2025-05-06,13,250,20
2025-05-06,14,350,22
2025-05-06,15,380,22
2025-05-06,16,380,22
2025-05-06,17,380,22
2025-05-06,18,300,21
2025-05-06,19,250,18
2025-05-06,20,200,15
2025-05-06,21,200,15
2025-05-06,22,170,13
2025-05-06,23,80,8
2025-05-07,0,50,4
2025-05-07,1,40,3
2025-05-07,2,30,3
2025-05-07,3,30,3
2025-05-07,4,70,6
2025-05-07,5,150,11
2025-05-07,6,280,16
2025-05-07,7,320,18
2025-05-07,8,320,18
2025-05-07,9,320,17
2025-05-07,10,280,16
2025-05-07,11,260,15
2025-05-07,12,240,16
2025-05-07,13,350,20
2025-05-07,14,380,21
2025-05-07,15,380,21
2025-05-07,16,380,21
2025-05-07,17,380,21
2025-05-07,18,370,20
2025-05-07,19,310,18
2025-05-07,20,310,16
2025-05-07,21,310,15
2025-05-07,22,230,13
2025-05-07,23,150,8
2025-05-08,0,50,4
2025-05-08,1,40,3
2025-05-08,2,30,3
2025-05-08,3,30,3
2025-05-08,4,70,6
2025-05-08,5,150,11
2025-05-08,6,200,16
2025-05-08,7,260,17
2025-05-08,8,260,17
2025-05-08,9,260,17
2025-05-08,10,230,16
2025-05-08,11,230,16
2025-05-08,12,250,17
2025-05-08,13,280,19
2025-05-08,14,350,19
2025-05-08,15,350,21
2025-05-08,16,350,21
2025-05-08,17,350,21
2025-05-08,18,300,19
2025-05-08,19,250,16
2025-05-08,20,200,16
2025-05-08,21,200,15
2025-05-08,22,170,13
2025-05-08,23,100,8
2025-05-09,0,60,5
2025-05-09,1,50,3
2025-05-09,2,30,3
2025-05-09,3,30,3
2025-05-09,4,60,7
2025-05-09,5,150,12
2025-05-09,6,220,15
2025-05-09,7,250,18
2025-05-09,8,280,18
2025-05-09,9,280,17
2025-05-09,10,230,16
2025-05-09,11,230,16
2025-05-09,12,230,17
2025-05-09,13,250,19
2025-05-09,14,320,20
2025-05-09,15,380,20
2025-05-09,16,380,21
2025-05-09,17,380,21
2025-05-09,18,380,21
2025-05-09,19,320,20
2025-05-09,20,300,20
2025-05-09,21,300,19
2025-05-09,22,250,16
2025-05-09,23,180,14
2025-05-10,0,100,9
2025-05-10,1,100,9
2025-05-10,2,110,8
2025-05-10,3,70,6
2025-05-10,4,70,6
2025-05-10,5,140,8
2025-05-10,6,180,10
2025-05-10,7,200,11
2025-05-10,8,250,13
2025-05-10,9,280,18
2025-05-10,10,280,17
2025-05-10,11,280,17
2025-05-10,12,280,18
2025-05-10,13,350,19
2025-05-10,14,350,21
2025-05-10,15,350,23
2025-05-10,16,380,23
2025-05-10,17,400,23
2025-05-10,18,400,23
2025-05-10,19,400,23
2025-05-10,20,400,23
2025-05-10,21,350,23
2025-05-10,22,300,21
2025-05-10,23,230,16
2025-05-11,0,200,12
2025-05-11,1,150,11
2025-05-11,2,170,11
2025-05-11,3,80,10
2025-05-11,4,70,5
2025-05-11,5,100,9
2025-05-11,6,110,11
2025-05-11,7,180,13
2025-05-11,8,380,18
2025-05-11,9,380,18
2025-05-11,10,380,18
2025-05-11,11,380,20
2025-05-11,12,450,23
2025-05-11,13,450,24
2025-05-11,14,480,25
2025-05-11,15,480,25
2025-05-11,16,480,24
2025-05-11,17,480,24
2025-05-11,18,480,24
2025-05-11,19,350,22
2025-05-11,20,350,22
2025-05-11,21,350,21
2025-05-11,22,250,15
2025-05-11,23,180,14
2025-06-02,0,140,7
2025-06-02,1,60,7
2025-06-02,2,50,5
2025-06-02,3,40,5
2025-06-02,4,100,7
2025-06-02,5,160,12
2025-06-02,6,250,17
2025-06-02,7,250,19
2025-06-02,8,300,19
2025-06-02,9,350,19
2025-06-02,10,300,17
2025-06-02,11,250,16
2025-06-02,12,280,17
2025-06-02,13,380,21
2025-06-02,14,380,24
2025-06-02,15,400,24
2025-06-02,16,400,24
2025-06-02,17,420,24
2025-06-02,18,330,20
2025-06-02,19,320,18
2025-06-02,20,320,17
2025-06-02,21,320,18
2025-06-02,22,250,15
2025-06-02,23,150,9
2025-06-03,0,80,4
2025-06-03,1,40,3
2025-06-03,2,40,3
2025-06-03,3,40,3
2025-06-03,4,50,7
2025-06-03,5,190,12
2025-06-03,6,230,16
2025-06-03,7,260,18
2025-06-03,8,310,18
2025-06-03,9,300,18
2025-06-03,10,300,17
2025-06-03,11,240,16
2025-06-03,12,280,17
2025-06-03,13,370,20
2025-06-03,14,400,23
2025-06-03,15,400,23
2025-06-03,16,400,23
2025-06-03,17,400,23
2025-06-03,18,130,20
2025-06-03,19,110,18
2025-06-03,20,80,17
2025-06-03,21,160,18
2025-06-03,22,100,15
2025-06-03,23,45,9
2025-06-04,0,15,5
2025-06-04,1,15,3
2025-06-04,2,10,3
2025-06-04,3,5,3
2025-06-04,4,15,6
2025-06-04,5,45,12
2025-06-04,6,85,16
2025-06-04,7,41,18
2025-06-04,8,70,18
2025-06-04,9,110,18
2025-06-04,10,50,16
2025-06-04,11,70,16
2025-06-04,12,95,16
2025-06-04,13,145,20
2025-06-04,14,145,22
2025-06-04,15,250,22
2025-06-04,16,165,22
2025-06-04,17,120,22
2025-06-04,18,110,20
2025-06-04,19,75,18
2025-06-04,20,70,18
2025-06-04,21,90,18
2025-06-04,22,85,14
2025-06-04,23,25,9
2025-06-05,0,7,5
2025-06-05,1,15,3
2025-06-05,2,5,3
2025-06-05,3,5,3
2025-06-05,4,6,6
2025-06-05,5,30,12
2025-06-05,6,55,16
2025-06-05,7,45,19
2025-06-05,8,85,20
2025-06-05,9,110,19
2025-06-05,10,85,16
2025-06-05,11,85,15
2025-06-05,12,70,16
2025-06-05,13,91,19
2025-06-05,14,200,21
2025-06-05,15,350,23
2025-06-05,16,340,23
2025-06-05,17,340,22
2025-06-05,18,275,21
2025-06-05,19,250,18
2025-06-05,20,250,19
2025-06-05,21,275,18
2025-06-05,22,220,15
2025-06-05,23,130,10
2025-06-06,0,70,5
2025-06-06,1,55,4
2025-06-06,2,35,3
2025-06-06,3,21,3
2025-06-06,4,60,7
2025-06-06,5,140,12
2025-06-06,6,210,16
2025-06-06,7,225,19
2025-06-06,8,300,19
2025-06-06,9,350,20
2025-06-06,10,260,18
2025-06-06,11,240,17
2025-06-06,12,230,17
2025-06-06,13,300,20
2025-06-06,14,325,24
2025-06-06,15,360,24
2025-06-06,16,355,24
2025-06-06,17,360,24
2025-06-06,18,350,24
2025-06-06,19,350,23
2025-06-06,20,300,22
2025-06-06,21,305,20
2025-06-06,22,280,18
2025-06-06,23,180,15
2025-06-07,0,130,9
2025-06-07,1,70,9
2025-06-07,2,80,8
2025-06-07,3,60,6
2025-06-07,4,70,6
2025-06-07,5,200,10
2025-06-07,6,200,12
2025-06-07,7,210,13
2025-06-07,8,350,18
2025-06-07,9,350,20
2025-06-07,10,300,19
2025-06-07,11,350,19
2025-06-07,12,350,18
2025-06-07,13,350,20
2025-06-07,14,450,23
2025-06-07,15,450,24
2025-06-07,16,450,24
2025-06-07,17,450,24
2025-06-07,18,400,24
2025-06-07,19,450,24
2025-06-07,20,450,24
2025-06-07,21,450,24
2025-06-07,22,400,22
2025-06-07,23,300,17
2025-06-08,0,220,13
2025-06-08,1,150,12
2025-06-08,2,170,12
2025-06-08,3,120,10
2025-06-08,4,100,6
2025-06-08,5,160,10
2025-06-08,6,100,11
2025-06-08,7,210,13
2025-06-08,8,280,16
2025-06-08,9,420,21
2025-06-08,10,420,24
2025-06-08,11,420,26
2025-06-08,12,420,27
2025-06-08,13,480,28
2025-06-08,14,480,27
2025-06-08,15,500,28
2025-06-08,16,500,28
2025-06-08,17,500,27
2025-06-08,18,450,28
2025-06-08,19,420,25
2025-06-08,20,420,24
2025-06-08,21,420,23
2025-06-08,22,400,20
2025-06-08,23,300,16
2025-05-12,0,140,8
2025-05-12,1,60,7
2025-05-12,2,60,5
2025-05-12,3,60,5
2025-05-12,4,90,7
2025-05-12,5,180,13
2025-05-12,6,300,18
2025-05-12,7,330,19
2025-05-12,8,330,19
2025-05-12,9,330,19
2025-05-12,10,250,16
2025-05-12,11,250,16
2025-05-12,12,300,17
2025-05-12,13,350,19
2025-05-12,14,420,24
2025-05-12,15,420,24
2025-05-12,16,420,24
2025-05-12,17,420,24
2025-05-12,18,330,20
2025-05-12,19,320,18
2025-05-12,20,320,18
2025-05-12,21,320,18
2025-05-12,22,250,14
2025-05-12,23,150,9
2025-05-13,0,50,4
2025-05-13,1,40,3
2025-05-13,2,30,3
2025-05-13,3,30,3
2025-05-13,4,70,7
2025-05-13,5,150,13
2025-05-13,6,200,16
2025-05-13,7,280,19
2025-05-13,8,300,19
2025-05-13,9,300,18
2025-05-13,10,230,15
2025-05-13,11,230,15
2025-05-13,12,250,16
2025-05-13,13,250,20
2025-05-13,14,350,24
2025-05-13,15,380,24
2025-05-13,16,380,23
2025-05-13,17,380,23
2025-05-13,18,320,21
2025-05-13,19,320,17
2025-05-13,20,320,18
2025-05-13,21,320,18
2025-05-13,22,230,14
2025-05-13,23,130,9
2025-05-14,0,50,5
2025-05-14,1,40,3
2025-05-14,2,30,3
2025-05-14,3,30,3
2025-05-14,4,70,6
2025-05-14,5,150,11
2025-05-14,6,280,16
2025-05-14,7,320,17
2025-05-14,8,320,16
2025-05-14,9,320,16
2025-05-14,10,280,15
2025-05-14,11,260,15
2025-05-14,12,240,17
2025-05-14,13,350,20
2025-05-14,14,380,22
2025-05-14,15,380,22
2025-05-14,16,380,22
2025-05-14,17,380,22
2025-05-14,18,370,19
2025-05-14,19,310,18
2025-05-14,20,310,18
2025-05-14,21,310,18
2025-05-14,22,230,14
2025-05-14,23,150,9
2025-05-15,0,50,5
2025-05-15,1,40,3
2025-05-15,2,30,3
2025-05-15,3,30,3
2025-05-15,4,70,6
2025-05-15,5,150,11
2025-05-15,6,200,16
2025-05-15,7,260,18
2025-05-15,8,260,18
2025-05-15,9,260,18
2025-05-15,10,230,15
2025-05-15,11,230,15
2025-05-15,12,250,16
2025-05-15,13,280,19
2025-05-15,14,350,22
2025-05-15,15,350,22
2025-05-15,16,350,22
2025-05-15,17,350,21
2025-05-15,18,300,19
2025-05-15,19,250,17
2025-05-15,20,200,17
2025-05-15,21,200,17
2025-05-15,22,170,14
2025-05-15,23,100,9
2025-05-16,0,60,5
2025-05-16,1,50,3
2025-05-16,2,30,3
2025-05-16,3,30,3
2025-05-16,4,60,7
2025-05-16,5,150,12
2025-05-16,6,220,15
2025-05-16,7,250,18
2025-05-16,8,280,18
2025-05-16,9,280,17
2025-05-16,10,230,16
2025-05-16,11,230,15
2025-05-16,12,230,16
2025-05-16,13,350,19
2025-05-16,14,400,22
2025-05-16,15,400,22
2025-05-16,16,400,22
2025-05-16,17,400,22
2025-05-16,18,400,22
2025-05-16,19,320,20
2025-05-16,20,320,20
2025-05-16,21,320,20
2025-05-16,22,320,17
2025-05-16,23,250,14
2025-05-17,0,130,9
2025-05-17,1,70,9
2025-05-17,2,80,8
2025-05-17,3,60,6
2025-05-17,4,60,6
2025-05-17,5,140,8
2025-05-17,6,200,11
2025-05-17,7,210,12
2025-05-17,8,350,16
2025-05-17,9,420,19
2025-05-17,10,420,19
2025-05-17,11,420,19
2025-05-17,12,420,20
2025-05-17,13,450,20
2025-05-17,14,450,22
2025-05-17,15,450,23
2025-05-17,16,450,23
2025-05-17,17,500,24
2025-05-17,18,500,24
2025-05-17,19,500,24
2025-05-17,20,400,25
2025-05-17,21,350,23
2025-05-17,22,350,21
2025-05-17,23,250,18
2025-05-18,0,170,13
2025-05-18,1,150,12
2025-05-18,2,170,12
2025-05-18,3,110,10
2025-05-18,4,80,6
2025-05-18,5,70,9
2025-05-18,6,100,11
2025-05-18,7,170,13
2025-05-18,8,250,16
2025-05-18,9,380,20
2025-05-18,10,380,20
2025-05-18,11,380,23
2025-05-18,12,420,25
2025-05-18,13,450,26
2025-05-18,14,480,26
2025-05-18,15,480,26
2025-05-18,16,480,25
2025-05-18,17,480,25
2025-05-18,18,480,25
2025-05-18,19,400,24
2025-05-18,20,380,24
2025-05-18,21,360,23
2025-05-18,22,300,19
2025-05-18,23,200,13
2025-05-19,0,140,8
2025-05-19,1,80,7
2025-05-19,2,60,5
2025-05-19,3,50,5
2025-05-19,4,80,7
2025-05-19,5,220,13
2025-05-19,6,300,18
2025-05-19,7,420,19
2025-05-19,8,420,19
2025-05-19,9,420,19
2025-05-19,10,330,16
2025-05-19,11,280,16
2025-05-19,12,300,17
2025-05-19,13,400,20
2025-05-19,14,420,24
2025-05-19,15,420,24
2025-05-19,16,420,24
2025-05-19,17,420,24
2025-05-19,18,330,21
2025-05-19,19,320,18
2025-05-19,20,320,18
2025-05-19,21,320,18
2025-05-19,22,250,14
2025-05-19,23,150,9
2025-05-20,0,60,4
2025-05-20,1,40,3
2025-05-20,2,30,3
2025-05-20,3,30,3
2025-05-20,4,70,7
2025-05-20,5,170,13
2025-05-20,6,300,16
2025-05-20,7,380,19
2025-05-20,8,380,19
2025-05-20,9,380,18
2025-05-20,10,320,16
2025-05-20,11,280,16
2025-05-20,12,280,16
2025-05-20,13,320,20
2025-05-20,14,400,23
2025-05-20,15,400,23
2025-05-20,16,400,23
2025-05-20,17,400,23
2025-05-20,18,320,21
2025-05-20,19,300,18
2025-05-20,20,280,18
2025-05-20,21,300,18
2025-05-20,22,250,14
2025-05-20,23,150,9
2025-05-21,0,60,5
2025-05-21,1,40,3
2025-05-21,2,30,3
2025-05-21,3,30,3
2025-05-21,4,70,6
2025-05-21,5,170,12
2025-05-21,6,300,17
2025-05-21,7,380,19
2025-05-21,8,380,19
2025-05-21,9,380,19
2025-05-21,10,320,18
2025-05-21,11,280,16
2025-05-21,12,280,16
2025-05-21,13,320,20
2025-05-21,14,400,22
2025-05-21,15,400,22
2025-05-21,16,400,22
2025-05-21,17,400,22
2025-05-21,18,320,20
2025-05-21,19,300,18
2025-05-21,20,280,18
2025-05-21,21,300,18
2025-05-21,22,250,14
2025-05-21,23,150,9
2025-05-22,0,60,5
2025-05-22,1,40,3
2025-05-22,2,30,3
2025-05-22,3,30,3
2025-05-22,4,70,6
2025-05-22,5,170,11
2025-05-22,6,300,17
2025-05-22,7,380,19
2025-05-22,8,380,19
2025-05-22,9,380,19
2025-05-22,10,320,17
2025-05-22,11,280,16
2025-05-22,12,280,16
2025-05-22,13,320,20
2025-05-22,14,400,23
2025-05-22,15,400,23
2025-05-22,16,400,23
2025-05-22,17,400,23
2025-05-22,18,320,20
2025-05-22,19,300,18
2025-05-22,20,280,18
2025-05-22,21,300,18
2025-05-22,22,250,14
2025-05-22,23,150,9
2025-05-23,0,70,5
2025-05-23,1,70,3
2025-05-23,2,30,3
2025-05-23,3,30,3
2025-05-23,4,60,7
2025-05-23,5,170,12
2025-05-23,6,300,15
2025-05-23,7,380,18
2025-05-23,8,380,18
2025-05-23,9,380,17
2025-05-23,10,320,16
2025-05-23,11,280,15
2025-05-23,12,300,16
2025-05-23,13,320,20
2025-05-23,14,420,23
2025-05-23,15,420,23
2025-05-23,16,420,23
2025-05-23,17,420,23
2025-05-23,18,420,23
2025-05-23,19,350,22
2025-05-23,20,320,22
2025-05-23,21,320,22
2025-05-23,22,300,18
2025-05-23,23,250,15
2025-05-24,0,130,9
2025-05-24,1,70,9
2025-05-24,2,80,8
2025-05-24,3,60,6
2025-05-24,4,70,6
2025-05-24,5,200,9
2025-05-24,6,200,11
2025-05-24,7,210,12
2025-05-24,8,350,16
2025-05-24,9,400,19
2025-05-24,10,350,18
2025-05-24,11,350,19
2025-05-24,12,350,20
2025-05-24,13,350,21
2025-05-24,14,450,23
2025-05-24,15,450,24
2025-05-24,16,450,24
2025-05-24,17,450,24
2025-05-24,18,450,24
2025-05-24,19,450,24
2025-05-24,20,450,25
2025-05-24,21,450,23
2025-05-24,22,400,21
2025-05-24,23,300,17
2025-05-25,0,220,13
2025-05-25,1,150,12
2025-05-25,2,170,12
2025-05-25,3,120,10
2025-05-25,4,100,6
2025-05-25,5,160,10
2025-05-25,6,100,11
2025-05-25,7,210,13
2025-05-25,8,280,16
2025-05-25,9,420,21
2025-05-25,10,420,22
2025-05-25,11,420,25
2025-05-25,12,420,26
2025-05-25,13,480,26
2025-05-25,14,480,26
2025-05-25,15,500,26
2025-05-25,16,500,26
2025-05-25,17,500,26
2025-05-25,18,450,24
2025-05-25,19,420,22
2025-05-25,20,420,22
2025-05-25,21,420,22
2025-05-25,22,400,19
2025-05-25,23,300,15
2025-05-26,0,140,7
2025-05-26,1,80,7
2025-05-26,2,60,5
2025-05-26,3,50,5
2025-05-26,4,80,6
2025-05-26,5,220,10
2025-05-26,6,300,14
2025-05-26,7,420,16
2025-05-26,8,420,16
2025-05-26,9,420,16
2025-05-26,10,330,16
2025-05-26,11,280,15
2025-05-26,12,300,16
2025-05-26,13,400,19
2025-05-26,14,420,21
2025-05-26,15,420,21
2025-05-26,16,420,21
2025-05-26,17,420,21
2025-05-26,18,330,18
2025-05-26,19,320,17
2025-05-26,20,320,16
2025-05-26,21,320,16
2025-05-26,22,250,14
2025-05-26,23,150,8
2025-05-27,0,60,4
2025-05-27,1,40,3
2025-05-27,2,30,3
2025-05-27,3,30,3
2025-05-27,4,70,7
2025-05-27,5,170,13
2025-05-27,6,300,17
2025-05-27,7,380,19
2025-05-27,8,380,19
2025-05-27,9,380,19
2025-05-27,10,320,17
2025-05-27,11,280,16
2025-05-27,12,280,16
2025-05-27,13,320,20
2025-05-27,14,400,24
2025-05-27,15,400,24
2025-05-27,16,400,24
2025-05-27,17,400,24
2025-05-27,18,320,21
2025-05-27,19,300,18
2025-05-27,20,280,18
2025-05-27,21,300,18
2025-05-27,22,250,14
2025-05-27,23,150,9
2025-05-28,0,60,5
2025-05-28,1,40,3
2025-05-28,2,30,3
2025-05-28,3,30,3
2025-05-28,4,70,6
2025-05-28,5,170,12
2025-05-28,6,300,16
2025-05-28,7,380,18
2025-05-28,8,380,18
2025-05-28,9,380,18
2025-05-28,10,320,17
2025-05-28,11,280,16
2025-05-28,12,280,16
2025-05-28,13,320,20
2025-05-28,14,400,22
2025-05-28,15,400,22
2025-05-28,16,400,22
2025-05-28,17,400,22
2025-05-28,18,320,20
2025-05-28,19,300,18
2025-05-28,20,280,18
2025-05-28,21,300,18
2025-05-28,22,250,14
2025-05-28,23,150,9
2025-05-29,0,60,5
2025-05-29,1,40,3
2025-05-29,2,30,3
2025-05-29,3,30,3
2025-05-29,4,70,6
2025-05-29,5,170,12
2025-05-29,6,300,16
2025-05-29,7,380,18
2025-05-29,8,380,18
2025-05-29,9,380,18
2025-05-29,10,320,17
2025-05-29,11,280,16
2025-05-29,12,280,16
2025-05-29,13,320,20
2025-05-29,14,400,22
2025-05-29,15,400,22
2025-05-29,16,400,22
2025-05-29,17,400,22
2025-05-29,18,320,20
2025-05-29,19,300,18
2025-05-29,20,280,18
2025-05-29,21,300,18
2025-05-29,22,250,14
2025-05-29,23,150,9
2025-05-30,0,70,5
2025-05-30,1,70,3
2025-05-30,2,30,3
2025-05-30,3,30,3
2025-05-30,4,60,7
2025-05-30,5,170,12
2025-05-30,6,300,15
2025-05-30,7,380,18
2025-05-30,8,380,18
2025-05-30,9,380,18
2025-05-30,10,320,17
2025-05-30,11,280,16
2025-05-30,12,300,17
2025-05-30,13,320,20
2025-05-30,14,420,22
2025-05-30,15,420,23
2025-05-30,16,420,23
2025-05-30,17,420,23
2025-05-30,18,420,23
2025-05-30,19,350,23
2025-05-30,20,320,22
2025-05-30,21,320,20
2025-05-30,22,300,18
2025-05-30,23,250,14
2025-05-31,0,130,9
2025-05-31,1,70,9
2025-05-31,2,80,8
2025-05-31,3,60,6
2025-05-31,4,70,6
2025-05-31,5,200,10
2025-05-31,6,200,12
2025-05-31,7,210,13
2025-05-31,8,350,19
2025-05-31,9,400,20
2025-05-31,10,350,19
2025-05-31,11,350,19
2025-05-31,12,350,19
2025-05-31,13,350,20
2025-05-31,14,450,23
2025-05-31,15,450,24
2025-05-31,16,450,24
2025-05-31,17,450,24
2025-05-31,18,450,24
2025-05-31,19,450,24
2025-05-31,20,450,24
2025-05-31,21,450,24
2025-05-31,22,400,22
2025-05-31,23,300,17
2025-06-01,0,220,13
2025-06-01,1,150,12
2025-06-01,2,170,12
2025-06-01,3,120,10
2025-06-01,4,100,6
2025-06-01,5,160,10
2025-06-01,6,100,11
2025-06-01,7,210,13
2025-06-01,8,280,16
2025-06-01,9,420,21
2025-06-01,10,420,23
2025-06-01,11,420,25
2025-06-01,12,420,25
2025-06-01,13,480,26
2025-06-01,14,480,26
2025-06-01,15,500,27
2025-06-01,16,500,27
2025-06-01,17,500,26
2025-06-01,18,450,26
2025-06-01,19,420,24
2025-06-01,20,420,23
2025-06-01,21,420,23
2025-06-01,22,400,20
2025-06-01,23,300,16
2025-06-09,0,113,7
2025-06-09,1,67,7
2025-06-09,2,68,5
2025-06-09,3,61,5
2025-06-09,4,71,7
2025-06-09,5,226,13
2025-06-09,6,300,18
2025-06-09,7,342,21
2025-06-09,8,313,21
2025-06-09,9,312,21
2025-06-09,10,349,19
2025-06-09,11,301,17
2025-06-09,12,320,18
2025-06-09,13,354,22
2025-06-09,14,384,24
2025-06-09,15,458,24
2025-06-09,16,439,24
2025-06-09,17,433,24
2025-06-09,18,349,20
2025-06-09,19,298,19
2025-06-09,20,246,19
2025-06-09,21,279,19
2025-06-09,22,276,15
2025-06-09,23,174,10
2025-06-10,0,65,4
2025-06-10,1,46,3
2025-06-10,2,28,3
2025-06-10,3,30,3
2025-06-10,4,76,7
2025-06-10,5,206,13
2025-06-10,6,273,18
2025-06-10,7,312,20
2025-06-10,8,355,20
2025-06-10,9,355,18
2025-06-10,10,309,18
2025-06-10,11,286,16
2025-06-10,12,244,17
2025-06-10,13,322,22
2025-06-10,14,376,24
2025-06-10,15,504,24
2025-06-10,16,453,24
2025-06-10,17,343,23
2025-06-10,18,296,20
2025-06-10,19,240,18
2025-06-10,20,237,18
2025-06-10,21,255,19
2025-06-10,22,197,15
2025-06-10,23,113,9
2025-06-11,0,66,5
2025-06-11,1,45,3
2025-06-11,2,41,3
2025-06-11,3,31,3
2025-06-11,4,72,7
2025-06-11,5,177,13
2025-06-11,6,218,18
2025-06-11,7,277,20
2025-06-11,8,338,20
2025-06-11,9,306,19
2025-06-11,10,232,18
2025-06-11,11,268,16
2025-06-11,12,262,17
2025-06-11,13,295,22
2025-06-11,14,307,25
2025-06-11,15,432,26
2025-06-11,16,412,24
2025-06-11,17,332,24
2025-06-11,18,317,20
2025-06-11,19,306,18
2025-06-11,20,224,19
2025-06-11,21,254,18
2025-06-11,22,218,15
2025-06-11,23,125,9
2025-06-12,0,48,5
2025-06-12,1,30,3
2025-06-12,2,40,3
2025-06-12,3,32,3
2025-06-12,4,51,7
2025-06-12,5,186,13
2025-06-12,6,236,18
2025-06-12,7,268,20
2025-06-12,8,304,20
2025-06-12,9,307,19
2025-06-12,10,227,18
2025-06-12,11,259,16
2025-06-12,12,230,17
2025-06-12,13,270,22
2025-06-12,14,394,24
2025-06-12,15,360,24
2025-06-12,16,364,24
2025-06-12,17,323,24
2025-06-12,18,312,20
2025-06-12,19,247,18
2025-06-12,20,259,18
2025-06-12,21,343,18
2025-06-12,22,260,15
2025-06-12,23,121,10
2025-06-13,0,70,6
2025-06-13,1,60,4
2025-06-13,2,35,3
2025-06-13,3,25,3
2025-06-13,4,55,7
2025-06-13,5,184,13
2025-06-13,6,247,18
2025-06-13,7,275,20
2025-06-13,8,310,20
2025-06-13,9,380,20
2025-06-13,10,270,18
2025-06-13,11,317,16
2025-06-13,12,222,18
2025-06-13,13,320,22
2025-06-13,14,385,24
2025-06-13,15,403,25
2025-06-13,16,404,25
2025-06-13,17,363,24
2025-06-13,18,386,24
2025-06-13,19,375,24
2025-06-13,20,330,23
2025-06-13,21,318,21
2025-06-13,22,312,18
2025-06-13,23,166,15
2025-06-14,0,117,9
2025-06-14,1,84,9
2025-06-14,2,72,8
2025-06-14,3,56,6
2025-06-14,4,60,6
2025-06-14,5,136,10
2025-06-14,6,157,13
2025-06-14,7,203,14
2025-06-14,8,263,18
2025-06-14,9,303,18
2025-06-14,10,303,18
2025-06-14,11,351,20
2025-06-14,12,329,20
2025-06-14,13,378,21
2025-06-14,14,428,23
2025-06-14,15,417,25
2025-06-14,16,420,25
2025-06-14,17,359,26
2025-06-14,18,478,25
2025-06-14,19,486,25
2025-06-14,20,395,25
2025-06-14,21,415,25
2025-06-14,22,391,23
2025-06-14,23,280,18
2025-06-15,0,150,13
2025-06-15,1,135,12
2025-06-15,2,114,12
2025-06-15,3,87,10
2025-06-15,4,67,6
2025-06-15,5,60,10
2025-06-15,6,112,11
2025-06-15,7,176,13
2025-06-15,8,257,16
2025-06-15,9,345,21
2025-06-15,10,403,24
2025-06-15,11,400,26
2025-06-15,12,466,26
2025-06-15,13,510,26
2025-06-15,14,561,26
2025-06-15,15,591,26
2025-06-15,16,543,27
2025-06-15,17,499,27
2025-06-15,18,527,27
2025-06-15,19,450,25
2025-06-15,20,474,23
2025-06-15,21,549,23
2025-06-15,22,475,19
2025-06-15,23,312,15
2025-07-07,0,180,9
2025-07-07,1,120,7
2025-07-07,2,90,5
2025-07-07,3,70,5
2025-07-07,4,120,8
2025-07-07,5,280,15
2025-07-07,6,380,18
2025-07-07,7,350,20
2025-07-07,8,330,19
2025-07-07,9,330,19
2025-07-07,10,330,17
2025-07-07,11,280,17
2025-07-07,12,300,18
2025-07-07,13,400,22
2025-07-07,14,450,25
2025-07-07,15,450,25
2025-07-07,16,450,25
2025-07-07,17,420,22
2025-07-07,18,330,20
2025-07-07,19,320,18
2025-07-07,20,320,18
2025-07-07,21,320,18
2025-07-07,22,280,15
2025-07-07,23,150,9
2025-07-08,0,80,4
2025-07-08,1,40,3
2025-07-08,2,40,3
2025-07-08,3,40,3
2025-07-08,4,80,6
2025-07-08,5,220,12
2025-07-08,6,280,17
2025-07-08,7,350,19
2025-07-08,8,350,18
2025-07-08,9,350,18
2025-07-08,10,300,17
2025-07-08,11,280,16
2025-07-08,12,280,17
2025-07-08,13,400,22
2025-07-08,14,420,23
2025-07-08,15,420,24
2025-07-08,16,420,24
2025-07-08,17,420,22
2025-07-08,18,320,19
2025-07-08,19,300,17
2025-07-08,20,280,17
2025-07-08,21,300,18
2025-07-08,22,250,14
2025-07-08,23,150,8
2025-07-09,0,80,5
2025-07-09,1,50,3
2025-07-09,2,40,3
2025-07-09,3,30,3
2025-07-09,4,70,6
2025-07-09,5,220,12
2025-07-09,6,280,17
2025-07-09,7,350,18
2025-07-09,8,350,18
2025-07-09,9,350,18
2025-07-09,10,300,17
2025-07-09,11,270,17
2025-07-09,12,270,17
2025-07-09,13,320,21
2025-07-09,14,400,24
2025-07-09,15,400,24
2025-07-09,16,400,24
2025-07-09,17,400,22
2025-07-09,18,350,19
2025-07-09,19,300,18
2025-07-09,20,250,17
2025-07-09,21,300,18
2025-07-09,22,250,14
2025-07-09,23,150,8
2025-07-10,0,80,5
2025-07-10,1,50,3
2025-07-10,2,40,3
2025-07-10,3,30,3
2025-07-10,4,70,6
2025-07-10,5,220,12
2025-07-10,6,280,17
2025-07-10,7,350,18
2025-07-10,8,350,18
2025-07-10,9,350,18
2025-07-10,10,300,17
2025-07-10,11,270,17
2025-07-10,12,270,17
2025-07-10,13,320,20
2025-07-10,14,400,24
2025-07-10,15,400,24
2025-07-10,16,400,24
2025-07-10,17,400,22
2025-07-10,18,350,19
2025-07-10,19,300,18
2025-07-10,20,250,17
2025-07-10,21,300,18
2025-07-10,22,250,14
2025-07-10,23,150,8
2025-07-11,0,70,6
2025-07-11,1,70,4
2025-07-11,2,30,3
2025-07-11,3,30,3
2025-07-11,4,60,6
2025-07-11,5,190,12
2025-07-11,6,250,17
2025-07-11,7,280,18
2025-07-11,8,310,18
2025-07-11,9,380,18
2025-07-11,10,320,17
2025-07-11,11,280,17
2025-07-11,12,300,17
2025-07-11,13,320,21
2025-07-11,14,420,23
2025-07-11,15,420,23
2025-07-11,16,420,23
2025-07-11,17,420,23
2025-07-11,18,420,23
2025-07-11,19,350,22
2025-07-11,20,320,22
2025-07-11,21,320,22
2025-07-11,22,300,17
2025-07-11,23,250,14
2025-07-12,0,150,9
2025-07-12,1,100,8
2025-07-12,2,80,8
2025-07-12,3,60,6
2025-07-12,4,60,6
2025-07-12,5,170,10
2025-07-12,6,170,12
2025-07-12,7,250,14
2025-07-12,8,300,16
2025-07-12,9,350,18
2025-07-12,10,350,18
2025-07-12,11,350,18
2025-07-12,12,330,18
2025-07-12,13,380,21
2025-07-12,14,420,23
2025-07-12,15,420,24
2025-07-12,16,420,24
2025-07-12,17,420,24
2025-07-12,18,420,24
2025-07-12,19,420,24
2025-07-12,20,420,24
2025-07-12,21,420,24
2025-07-12,22,420,23
2025-07-12,23,300,18
2025-07-13,0,280,13
2025-07-13,1,150,11
2025-07-13,2,160,11
2025-07-13,3,110,9
2025-07-13,4,70,6
2025-07-13,5,140,9
2025-07-13,6,170,10
2025-07-13,7,180,12
2025-07-13,8,280,16
2025-07-13,9,400,19
2025-07-13,10,400,21
2025-07-13,11,400,23
2025-07-13,12,450,24
2025-07-13,13,500,25
2025-07-13,14,600,26
2025-07-13,15,600,26
2025-07-13,16,600,26
2025-07-13,17,550,26
2025-07-13,18,550,26
2025-07-13,19,500,25
2025-07-13,20,500,23
2025-07-13,21,450,24
2025-07-13,22,350,20
2025-07-13,23,350,17
2025-07-14,0,180,9
2025-07-14,1,120,7
2025-07-14,2,90,5
2025-07-14,3,70,5
2025-07-14,4,120,7
2025-07-14,5,280,14
2025-07-14,6,380,17
2025-07-14,7,350,18
2025-07-14,8,330,18
2025-07-14,9,330,18
2025-07-14,10,330,17
2025-07-14,11,280,17
2025-07-14,12,300,18
2025-07-14,13,400,21
2025-07-14,14,450,23
2025-07-14,15,450,23
2025-07-14,16,450,23
2025-07-14,17,420,23
2025-07-14,18,330,19
2025-07-14,19,320,18
2025-07-14,20,320,18
2025-07-14,21,320,18
2025-07-14,22,280,15
2025-07-14,23,150,9
2025-07-15,0,80,4
2025-07-15,1,40,3
2025-07-15,2,40,3
2025-07-15,3,40,3
2025-07-15,4,80,6
2025-07-15,5,220,12
2025-07-15,6,280,17
2025-07-15,7,350,18
2025-07-15,8,350,18
2025-07-15,9,350,18
2025-07-15,10,300,17
2025-07-15,11,280,16
2025-07-15,12,280,17
2025-07-15,13,400,21
2025-07-15,14,420,22
2025-07-15,15,420,23
2025-07-15,16,420,23
2025-07-15,17,420,22
2025-07-15,18,320,19
2025-07-15,19,300,17
2025-07-15,20,280,17
2025-07-15,21,300,18
2025-07-15,22,250,14
2025-07-15,23,150,8
2025-07-16,0,80,5
2025-07-16,1,50,3
2025-07-16,2,40,3
2025-07-16,3,30,3
2025-07-16,4,70,6
2025-07-16,5,220,12
2025-07-16,6,280,16
2025-07-16,7,350,18
2025-07-16,8,350,18
2025-07-16,9,350,18
2025-07-16,10,300,17
2025-07-16,11,270,17
2025-07-16,12,270,17
2025-07-16,13,320,20
2025-07-16,14,400,23
2025-07-16,15,400,23
2025-07-16,16,400,23
2025-07-16,17,400,22
2025-07-16,18,350,19
2025-07-16,19,300,18
2025-07-16,20,250,17
2025-07-16,21,300,18
2025-07-16,22,250,14
2025-07-16,23,150,8
2025-07-17,0,80,5
2025-07-17,1,50,3
2025-07-17,2,40,3
2025-07-17,3,30,3
2025-07-17,4,70,6
2025-07-17,5,220,12
2025-07-17,6,280,16
2025-07-17,7,350,18
2025-07-17,8,350,18
2025-07-17,9,350,18
2025-07-17,10,300,17
2025-07-17,11,270,17
2025-07-17,12,270,17
2025-07-17,13,320,19
2025-07-17,14,400,21
2025-07-17,15,400,23
2025-07-17,16,400,23
2025-07-17,17,400,22
2025-07-17,18,350,20
2025-07-17,19,300,17
2025-07-17,20,250,17
2025-07-17,21,300,18
2025-07-17,22,250,14
2025-07-17,23,150,8
2025-07-18,0,70,6
2025-07-18,1,70,4
2025-07-18,2,30,3
2025-07-18,3,30,3
2025-07-18,4,60,6
2025-07-18,5,190,12
2025-07-18,6,250,17
2025-07-18,7,280,18
2025-07-18,8,310,18
2025-07-18,9,380,18
2025-07-18,10,320,17
2025-07-18,11,280,17
2025-07-18,12,300,17
2025-07-18,13,320,20
2025-07-18,14,420,22
2025-07-18,15,420,23
2025-07-18,16,420,23
2025-07-18,17,420,23
2025-07-18,18,420,22
2025-07-18,19,350,21
2025-07-18,20,320,21
2025-07-18,21,320,21
2025-07-18,22,300,18
2025-07-18,23,250,13
2025-07-19,0,150,9
2025-07-19,1,100,8
2025-07-19,2,80,8
2025-07-19,3,60,6
2025-07-19,4,60,6
2025-07-19,5,170,10
2025-07-19,6,170,12
2025-07-19,7,250,14
2025-07-19,8,300,15
2025-07-19,9,350,17
2025-07-19,10,350,17
2025-07-19,11,350,17
2025-07-19,12,330,17
2025-07-19,13,380,20
2025-07-19,14,420,22
2025-07-19,15,420,23
2025-07-19,16,420,26
2025-07-19,17,420,26
2025-07-19,18,420,25
2025-07-19,19,420,25
2025-07-19,20,420,26
2025-07-19,21,420,26
2025-07-19,22,420,25
2025-07-19,23,300,20
2025-07-20,0,280,13
2025-07-20,1,150,11
2025-07-20,2,160,11
2025-07-20,3,110,9
2025-07-20,4,70,6
2025-07-20,5,140,9
2025-07-20,6,170,10
2025-07-20,7,180,12
2025-07-20,8,280,16
2025-07-20,9,400,19
2025-07-20,10,400,21
2025-07-20,11,400,23
2025-07-20,12,450,26
2025-07-20,13,500,28
2025-07-20,14,600,29
2025-07-20,15,600,29
2025-07-20,16,600,27
2025-07-20,17,550,27
2025-07-20,18,550,27
2025-07-20,19,500,27
2025-07-20,20,500,26
2025-07-20,21,450,26
2025-07-20,22,350,22
2025-07-20,23,350,18
2025-07-21,0,180,9
2025-07-21,1,120,7
2025-07-21,2,90,5
2025-07-21,3,70,5
2025-07-21,4,120,7
2025-07-21,5,280,14
2025-07-21,6,380,18
2025-07-21,7,350,19
2025-07-21,8,330,19
2025-07-21,9,330,19
2025-07-21,10,330,18
2025-07-21,11,280,18
2025-07-21,12,300,19
2025-07-21,13,400,22
2025-07-21,14,450,24
2025-07-21,15,450,24
2025-07-21,16,450,24
2025-07-21,17,420,24
2025-07-21,18,330,21
2025-07-21,19,320,19
2025-07-21,20,320,19
2025-07-21,21,320,19
2025-07-21,22,280,15
2025-07-21,23,150,9
2025-07-22,0,80,4
2025-07-22,1,40,3
2025-07-22,2,40,3
2025-07-22,3,40,3
2025-07-22,4,80,6
2025-07-22,5,220,12
2025-07-22,6,280,17
2025-07-22,7,350,19
2025-07-22,8,350,19
2025-07-22,9,350,19
2025-07-22,10,300,18
2025-07-22,11,280,18
2025-07-22,12,280,18
2025-07-22,13,400,22
2025-07-22,14,420,24
2025-07-22,15,420,24
2025-07-22,16,420,24
2025-07-22,17,420,24
2025-07-22,18,320,21
2025-07-22,19,300,18
2025-07-22,20,280,18
2025-07-22,21,300,18
2025-07-22,22,250,14
2025-07-22,23,150,8
2025-07-23,0,80,5
2025-07-23,1,50,3
2025-07-23,2,40,3
2025-07-23,3,30,3
2025-07-23,4,70,6
2025-07-23,5,220,12
2025-07-23,6,280,17
2025-07-23,7,350,19
2025-07-23,8,350,19
2025-07-23,9,350,19
2025-07-23,10,300,18
2025-07-23,11,270,18
2025-07-23,12,270,18
2025-07-23,13,320,22
2025-07-23,14,400,24
2025-07-23,15,400,24
2025-07-23,16,400,24
2025-07-23,17,400,24
2025-07-23,18,350,21
2025-07-23,19,300,18
2025-07-23,20,250,18
2025-07-23,21,300,18
2025-07-23,22,250,14
2025-07-23,23,150,8
2025-07-24,0,80,5
2025-07-24,1,50,3
2025-07-24,2,40,3
2025-07-24,3,30,3
2025-07-24,4,70,6
2025-07-24,5,220,12
2025-07-24,6,280,17
2025-07-24,7,350,19
2025-07-24,8,350,19
2025-07-24,9,350,19
2025-07-24,10,300,18
2025-07-24,11,270,18
2025-07-24,12,270,18
2025-07-24,13,320,21
2025-07-24,14,400,23
2025-07-24,15,400,24
2025-07-24,16,400,24
2025-07-24,17,400,24
2025-07-24,18,350,21
2025-07-24,19,300,18
2025-07-24,20,250,18
2025-07-24,21,300,18
2025-07-24,22,250,15
2025-07-24,23,150,9
2025-07-25,0,70,6
2025-07-25,1,70,4
2025-07-25,2,30,3
2025-07-25,3,30,3
2025-07-25,4,60,6
2025-07-25,5,190,12
2025-07-25,6,250,17
2025-07-25,7,280,18
2025-07-25,8,310,19
2025-07-25,9,380,19
2025-07-25,10,320,18
2025-07-25,11,280,18
2025-07-25,12,300,18
2025-07-25,13,320,22
2025-07-25,14,420,24
2025-07-25,15,420,24
2025-07-25,16,420,24
2025-07-25,17,420,24
2025-07-25,18,420,24
2025-07-25,19,350,23
2025-07-25,20,320,23
2025-07-25,21,320,23
2025-07-25,22,300,19
2025-07-25,23,250,15
2025-07-26,0,150,9
2025-07-26,1,100,8
2025-07-26,2,80,8
2025-07-26,3,60,6
2025-07-26,4,60,6
2025-07-26,5,170,10
2025-07-26,6,170,12
2025-07-26,7,250,14
2025-07-26,8,300,16
2025-07-26,9,400,18
2025-07-26,10,400,18
2025-07-26,11,350,18
2025-07-26,12,400,20
2025-07-26,13,380,23
2025-07-26,14,420,24
2025-07-26,15,420,26
2025-07-26,16,420,26
2025-07-26,17,500,26
2025-07-26,18,500,26
2025-07-26,19,500,26
2025-07-26,20,450,26
2025-07-26,21,450,26
2025-07-26,22,420,25
2025-07-26,23,350,20
2025-07-27,0,280,13
2025-07-27,1,150,11
2025-07-27,2,160,11
2025-07-27,3,110,9
2025-07-27,4,70,6
2025-07-27,5,140,9
2025-07-27,6,170,10
2025-07-27,7,180,12
2025-07-27,8,280,16
2025-07-27,9,450,21
2025-07-27,10,400,21
2025-07-27,11,400,23
2025-07-27,12,550,26
2025-07-27,13,550,28
2025-07-27,14,550,28
2025-07-27,15,550,28
2025-07-27,16,550,28
2025-07-27,17,550,28
2025-07-27,18,550,28
2025-07-27,19,450,25
2025-07-27,20,450,25
2025-07-27,21,450,24
2025-07-27,22,350,20
2025-07-27,23,350,17
2025-07-28,0,180,9
2025-07-28,1,120,7
2025-07-28,2,90,5
2025-07-28,3,70,5
2025-07-28,4,120,6
2025-07-28,5,280,13
2025-07-28,6,380,17
2025-07-28,7,350,19
2025-07-28,8,330,20
2025-07-28,9,330,19
2025-07-28,10,330,19
2025-07-28,11,280,18
2025-07-28,12,300,18
2025-07-28,13,400,23
2025-07-28,14,450,25
2025-07-28,15,450,25
2025-07-28,16,450,25
2025-07-28,17,420,25
2025-07-28,18,330,24
2025-07-28,19,320,19
2025-07-28,20,320,19
2025-07-28,21,320,19
2025-07-28,22,280,16
2025-07-28,23,150,9
2025-07-29,0,80,4
2025-07-29,1,40,3
2025-07-29,2,40,3
2025-07-29,3,40,3
2025-07-29,4,80,6
2025-07-29,5,220,12
2025-07-29,6,280,17
2025-07-29,7,350,19
2025-07-29,8,350,19
2025-07-29,9,350,19
2025-07-29,10,300,18
2025-07-29,11,280,18
2025-07-29,12,280,18
2025-07-29,13,400,23
2025-07-29,14,420,24
2025-07-29,15,420,25
2025-07-29,16,420,25
2025-07-29,17,420,25
2025-07-29,18,320,23
2025-07-29,19,300,19
2025-07-29,20,280,18
2025-07-29,21,300,18
2025-07-29,22,250,14
2025-07-29,23,150,8
2025-07-30,0,80,5
2025-07-30,1,50,3
2025-07-30,2,40,3
2025-07-30,3,30,3
2025-07-30,4,70,6
2025-07-30,5,220,12
2025-07-30,6,280,16
2025-07-30,7,350,18
2025-07-30,8,350,20
2025-07-30,9,350,21
2025-07-30,10,300,22
2025-07-30,11,270,22
2025-07-30,12,270,23
2025-07-30,13,320,25
2025-07-30,14,400,25
2025-07-30,15,400,25
2025-07-30,16,400,25
2025-07-30,17,400,25
2025-07-30,18,350,24
2025-07-30,19,300,18
2025-07-30,20,250,18
2025-07-30,21,300,18
2025-07-30,22,250,14
2025-07-30,23,150,9
2025-07-31,0,80,5
2025-07-31,1,50,3
2025-07-31,2,40,3
2025-07-31,3,30,3
2025-07-31,4,70,6
2025-07-31,5,220,12
2025-07-31,6,280,16
2025-07-31,7,350,20
2025-07-31,8,350,21
2025-07-31,9,350,20
2025-07-31,10,300,20
2025-07-31,11,270,20
2025-07-31,12,270,20
2025-07-31,13,320,24
2025-07-31,14,400,24
2025-07-31,15,400,24
2025-07-31,16,400,24
2025-07-31,17,400,24
2025-07-31,18,350,21
2025-07-31,19,300,18
2025-07-31,20,250,18
2025-07-31,21,300,18
2025-07-31,22,250,15
2025-07-31,23,150,9
2025-08-01,0,70,5
2025-08-01,1,70,4
2025-08-01,2,30,3
2025-08-01,3,30,3
2025-08-01,4,60,6
2025-08-01,5,190,12
2025-08-01,6,250,16
2025-08-01,7,280,18
2025-08-01,8,310,19
2025-08-01,9,380,19
2025-08-01,10,320,18
2025-08-01,11,280,18
2025-08-01,12,300,18
2025-08-01,13,320,22
2025-08-01,14,420,24
2025-08-01,15,420,24
2025-08-01,16,420,24
2025-08-01,17,420,24
2025-08-01,18,420,24
2025-08-01,19,350,24
2025-08-01,20,320,24
2025-08-01,21,320,23
2025-08-01,22,300,18
2025-08-01,23,250,14
2025-08-02,0,150,9
2025-08-02,1,100,8
2025-08-02,2,80,8
2025-08-02,3,60,6
2025-08-02,4,80,5
2025-08-02,5,170,9
2025-08-02,6,200,11
2025-08-02,7,250,13
2025-08-02,8,320,17
2025-08-02,9,450,22
2025-08-02,10,400,20
2025-08-02,11,400,20
2025-08-02,12,400,21
2025-08-02,13,420,21
2025-08-02,14,420,23
2025-08-02,15,500,25
2025-08-02,16,500,26
2025-08-02,17,500,26
2025-08-02,18,500,26
2025-08-02,19,500,26
2025-08-02,20,500,26
2025-08-02,21,500,26
2025-08-02,22,500,24
2025-08-02,23,350,19
2025-08-03,0,250,13
2025-08-03,1,150,11
2025-08-03,2,200,11
2025-08-03,3,110,8
2025-08-03,4,70,6
2025-08-03,5,140,9
2025-08-03,6,170,10
2025-08-03,7,180,12
2025-08-03,8,280,16
2025-08-03,9,400,22
2025-08-03,10,400,21
2025-08-03,11,400,24
2025-08-03,12,500,28
2025-08-03,13,550,28
2025-08-03,14,550,28
2025-08-03,15,550,28
2025-08-03,16,550,28
2025-08-03,17,500,28
2025-08-03,18,500,27
2025-08-03,19,400,25
2025-08-03,20,400,23
2025-08-03,21,400,23
2025-08-03,22,350,20
2025-08-03,23,250,17
2025-08-04,0,180,8
2025-08-04,1,120,6
2025-08-04,2,90,5
2025-08-04,3,70,5
2025-08-04,4,120,6
2025-08-04,5,280,14
2025-08-04,6,380,19
2025-08-04,7,350,22
2025-08-04,8,330,22
2025-08-04,9,330,22
2025-08-04,10,330,21
2025-08-04,11,280,19
2025-08-04,12,300,19
2025-08-04,13,400,25
2025-08-04,14,450,25
2025-08-04,15,450,25
2025-08-04,16,450,25
2025-08-04,17,420,24
2025-08-04,18,400,23
2025-08-04,19,350,20
2025-08-04,20,320,19
2025-08-04,21,320,19
2025-08-04,22,280,16
2025-08-04,23,150,9
2025-08-05,0,80,4
2025-08-05,1,40,3
2025-08-05,2,40,3
2025-08-05,3,40,3
2025-08-05,4,80,6
2025-08-05,5,220,13
2025-08-05,6,280,18
2025-08-05,7,350,21
2025-08-05,8,350,21
2025-08-05,9,350,21
2025-08-05,10,300,20
2025-08-05,11,280,19
2025-08-05,12,280,19
2025-08-05,13,400,23
2025-08-05,14,420,24
2025-08-05,15,420,25
2025-08-05,16,420,25
2025-08-05,17,420,25
2025-08-05,18,400,23
2025-08-05,19,350,20
2025-08-05,20,280,19
2025-08-05,21,300,19
2025-08-05,22,250,15
2025-08-05,23,150,9
2025-08-06,0,80,5
2025-08-06,1,50,3
2025-08-06,2,40,3
2025-08-06,3,30,3
2025-08-06,4,70,6
2025-08-06,5,220,13
2025-08-06,6,280,17
2025-08-06,7,350,18
2025-08-06,8,350,21
2025-08-06,9,350,21
2025-08-06,10,300,20
2025-08-06,11,270,18
2025-08-06,12,270,18
2025-08-06,13,320,23
2025-08-06,14,400,24
2025-08-06,15,400,24
2025-08-06,16,400,24
2025-08-06,17,400,24
2025-08-06,18,350,23
2025-08-06,19,300,19
2025-08-06,20,250,18
2025-08-06,21,300,19
2025-08-06,22,250,15
2025-08-06,23,150,9
2025-08-07,0,80,5
2025-08-07,1,50,3
2025-08-07,2,40,3
2025-08-07,3,30,3
2025-08-07,4,70,6
2025-08-07,5,220,13
2025-08-07,6,280,17
2025-08-07,7,350,18
2025-08-07,8,350,21
2025-08-07,9,350,20
2025-08-07,10,300,20
2025-08-07,11,270,18
2025-08-07,12,270,18
2025-08-07,13,320,23
2025-08-07,14,400,24
2025-08-07,15,400,24
2025-08-07,16,400,24
2025-08-07,17,400,24
2025-08-07,18,350,22
2025-08-07,19,300,19
2025-08-07,20,250,18
2025-08-07,21,300,19
2025-08-07,22,250,15
2025-08-07,23,150,9
2025-08-08,0,70,5
2025-08-08,1,70,4
2025-08-08,2,30,3
2025-08-08,3,30,3
2025-08-08,4,60,6
2025-08-08,5,190,13
2025-08-08,6,250,17
2025-08-08,7,280,18
2025-08-08,8,310,21
2025-08-08,9,380,21
2025-08-08,10,320,20
2025-08-08,11,280,18
2025-08-08,12,300,18
2025-08-08,13,320,22
2025-08-08,14,420,24
2025-08-08,15,420,24
2025-08-08,16,420,24
2025-08-08,17,420,24
2025-08-08,18,420,24
2025-08-08,19,350,24
2025-08-08,20,320,24
2025-08-08,21,320,23
2025-08-08,22,300,19
2025-08-08,23,250,14
2025-08-09,0,150,9
2025-08-09,1,100,8
2025-08-09,2,80,8
2025-08-09,3,60,6
2025-08-09,4,60,6
2025-08-09,5,170,9
2025-08-09,6,200,11
2025-08-09,7,250,13
2025-08-09,8,300,17
2025-08-09,9,400,20
2025-08-09,10,400,20
2025-08-09,11,400,20
2025-08-09,12,400,20
2025-08-09,13,420,21
2025-08-09,14,420,24
2025-08-09,15,500,25
2025-08-09,16,500,26
2025-08-09,17,500,26
2025-08-09,18,500,26
2025-08-09,19,500,26
2025-08-09,20,500,26
2025-08-09,21,500,26
2025-08-09,22,500,24
2025-08-09,23,350,19
2025-08-10,0,250,13
2025-08-10,1,150,11
2025-08-10,2,200,11
2025-08-10,3,110,8
2025-08-10,4,70,6
2025-08-10,5,140,9
2025-08-10,6,170,10
2025-08-10,7,180,12
2025-08-10,8,280,16
2025-08-10,9,400,22
2025-08-10,10,400,21
2025-08-10,11,400,24
2025-08-10,12,500,28
2025-08-10,13,550,28
2025-08-10,14,550,28
2025-08-10,15,550,28
2025-08-10,16,550,28
2025-08-10,17,500,28
2025-08-10,18,500,27
2025-08-10,19,400,25
2025-08-10,20,400,23
2025-08-10,21,400,23
2025-08-10,22,350,20
2025-08-10,23,250,16
2025-08-25,0,170,8
2025-08-25,1,120,6
2025-08-25,2,90,5
2025-08-25,3,90,5
2025-08-25,4,110,6
2025-08-25,5,200,12
2025-08-25,6,320,18
2025-08-25,7,395,23
2025-08-25,8,395,23
2025-08-25,9,395,22
2025-08-25,10,375,21
2025-08-25,11,340,19
2025-08-25,12,340,19
2025-08-25,13,450,23
2025-08-25,14,450,25
2025-08-25,15,450,25
2025-08-25,16,450,25
2025-08-25,17,430,25
2025-08-25,18,410,23
2025-08-25,19,360,19
2025-08-25,20,340,19
2025-08-25,21,340,19
2025-08-25,22,280,16
2025-08-25,23,160,9
2025-08-26,0,90,5
2025-08-26,1,50,3
2025-08-26,2,50,3
2025-08-26,3,50,3
2025-08-26,4,110,6
2025-08-26,5,200,12
2025-08-26,6,320,17
2025-08-26,7,375,20
2025-08-26,8,375,21
2025-08-26,9,375,21
2025-08-26,10,360,20
2025-08-26,11,340,18
2025-08-26,12,340,18
2025-08-26,13,410,22
2025-08-26,14,430,24
2025-08-26,15,450,25
2025-08-26,16,450,25
2025-08-26,17,450,25
2025-08-26,18,410,23
2025-08-26,19,360,19
2025-08-26,20,320,18
2025-08-26,21,340,18
2025-08-26,22,270,15
2025-08-26,23,160,9
2025-08-27,0,90,5
2025-08-27,1,50,3
2025-08-27,2,50,3
2025-08-27,3,50,3
2025-08-27,4,105,6
2025-08-27,5,230,12
2025-08-27,6,305,17
2025-08-27,7,325,20
2025-08-27,8,375,21
2025-08-27,9,375,21
2025-08-27,10,360,19
2025-08-27,11,340,18
2025-08-27,12,340,18
2025-08-27,13,410,21
2025-08-27,14,430,24
2025-08-27,15,430,24
2025-08-27,16,430,24
2025-08-27,17,430,24
2025-08-27,18,410,22
2025-08-27,19,340,19
2025-08-27,20,320,18
2025-08-27,21,340,19
2025-08-27,22,270,15
2025-08-27,23,160,9
2025-08-28,0,90,5
2025-08-28,1,50,3
2025-08-28,2,50,3
2025-08-28,3,50,3
2025-08-28,4,105,6
2025-08-28,5,230,12
2025-08-28,6,305,17
2025-08-28,7,320,20
2025-08-28,8,375,21
2025-08-28,9,360,21
2025-08-28,10,360,19
2025-08-28,11,320,18
2025-08-28,12,320,18
2025-08-28,13,410,21
2025-08-28,14,430,24
2025-08-28,15,430,24
2025-08-28,16,430,24
2025-08-28,17,430,24
2025-08-28,18,395,22
2025-08-28,19,340,19
2025-08-28,20,320,18
2025-08-28,21,340,19
2025-08-28,22,270,15
2025-08-28,23,160,9
2025-08-29,0,90,5
2025-08-29,1,70,4
2025-08-29,2,50,3
2025-08-29,3,50,3
2025-08-29,4,105,6
2025-08-29,5,230,12
2025-08-29,6,305,17
2025-08-29,7,320,20
2025-08-29,8,375,21
2025-08-29,9,375,21
2025-08-29,10,360,20
2025-08-29,11,320,18
2025-08-29,12,320,18
2025-08-29,13,395,22
2025-08-29,14,430,25
2025-08-29,15,430,25
2025-08-29,16,430,25
2025-08-29,17,430,25
2025-08-29,18,430,24
2025-08-29,19,430,24
2025-08-29,20,430,23
2025-08-29,21,410,23
2025-08-29,22,340,19
2025-08-29,23,250,14
2025-08-30,0,175,9
2025-08-30,1,140,8
2025-08-30,2,140,8
2025-08-30,3,105,6
2025-08-30,4,105,6
2025-08-30,5,160,9
2025-08-30,6,195,11
2025-08-30,7,230,13
2025-08-30,8,305,17
2025-08-30,9,375,21
2025-08-30,10,375,20
2025-08-30,11,375,20
2025-08-30,12,375,21
2025-08-30,13,375,21
2025-08-30,14,430,24
2025-08-30,15,450,24
2025-08-30,16,465,26
2025-08-30,17,465,26
2025-08-30,18,465,26
2025-08-30,19,465,26
2025-08-30,20,465,26
2025-08-30,21,465,26
2025-08-30,22,450,24
2025-08-30,23,340,19
2025-08-31,0,230,13
2025-08-31,1,195,11
2025-08-31,2,195,11
2025-08-31,3,140,8
2025-08-31,4,105,6
2025-08-31,5,160,9
2025-08-31,6,180,10
2025-08-31,7,215,12
2025-08-31,8,285,17
2025-08-31,9,395,23
2025-08-31,10,375,22
2025-08-31,11,430,25
2025-08-31,12,500,28
2025-08-31,13,500,28
2025-08-31,14,500,28
2025-08-31,15,500,28
2025-08-31,16,500,28
2025-08-31,17,500,28
2025-08-31,18,485,27
2025-08-31,19,450,25
2025-08-31,20,410,23
2025-08-31,21,410,23
2025-08-31,22,360,20
2025-08-31,23,285,16
2025-09-01,0,170,8
2025-09-01,1,120,6
2025-09-01,2,90,5
2025-09-01,3,90,5
2025-09-01,4,110,6
2025-09-01,5,200,10
2025-09-01,6,320,17
2025-09-01,7,395,19
2025-09-01,8,395,19
2025-09-01,9,395,21
2025-09-01,10,375,20
2025-09-01,11,340,18
2025-09-01,12,340,18
2025-09-01,13,450,23
2025-09-01,14,450,24
2025-09-01,15,450,24
2025-09-01,16,450,23
2025-09-01,17,430,23
2025-09-01,18,410,23
2025-09-01,19,360,18
2025-09-01,20,340,18
2025-09-01,21,340,18
2025-09-01,22,280,14
2025-09-01,23,160,8
2025-09-02,0,90,5
2025-09-02,1,50,3
2025-09-02,2,50,3
2025-09-02,3,50,3
2025-09-02,4,110,6
2025-09-02,5,200,12
2025-09-02,6,320,17
2025-09-02,7,375,20
2025-09-02,8,375,21
2025-09-02,9,375,21
2025-09-02,10,360,20
2025-09-02,11,340,18
2025-09-02,12,340,18
2025-09-02,13,410,22
2025-09-02,14,430,24
2025-09-02,15,450,25
2025-09-02,16,450,25
2025-09-02,17,450,25
2025-09-02,18,410,23
2025-09-02,19,360,19
2025-09-02,20,320,18
2025-09-02,21,340,18
2025-09-02,22,270,15
2025-09-02,23,160,9
2025-09-03,0,90,5
2025-09-03,1,50,3
2025-09-03,2,50,3
2025-09-03,3,50,3
2025-09-03,4,105,6
2025-09-03,5,230,11
2025-09-03,6,305,16
2025-09-03,7,325,19
2025-09-03,8,375,20
2025-09-03,9,375,20
2025-09-03,10,360,19
2025-09-03,11,340,18
2025-09-03,12,340,18
2025-09-03,13,410,21
2025-09-03,14,430,23
2025-09-03,15,430,24
2025-09-03,16,430,24
2025-09-03,17,430,24
2025-09-03,18,410,22
2025-09-03,19,340,19
2025-09-03,20,320,18
2025-09-03,21,340,19
2025-09-03,22,270,15
2025-09-03,23,160,9
2025-09-04,0,90,5
2025-09-04,1,50,3
2025-09-04,2,50,3
2025-09-04,3,50,3
2025-09-04,4,105,5
2025-09-04,5,230,11
2025-09-04,6,305,16
2025-09-04,7,320,19
2025-09-04,8,375,20
2025-09-04,9,360,20
2025-09-04,10,360,18
2025-09-04,11,320,17
2025-09-04,12,320,17
2025-09-04,13,410,20
2025-09-04,14,430,23
2025-09-04,15,430,24
2025-09-04,16,430,24
2025-09-04,17,430,23
2025-09-04,18,395,22
2025-09-04,19,340,18
2025-09-04,20,320,18
2025-09-04,21,340,19
2025-09-04,22,270,15
2025-09-04,23,160,9
2025-09-05,0,90,5
2025-09-05,1,70,4
2025-09-05,2,50,3
2025-09-05,3,50,3
2025-09-05,4,105,5
2025-09-05,5,230,11
2025-09-05,6,305,16
2025-09-05,7,320,20
2025-09-05,8,375,21
2025-09-05,9,375,21
2025-09-05,10,360,18
2025-09-05,11,320,18
2025-09-05,12,320,18
2025-09-05,13,395,22
2025-09-05,14,430,24
2025-09-05,15,430,25
2025-09-05,16,430,25
2025-09-05,17,430,24
2025-09-05,18,430,24
2025-09-05,19,430,24
2025-09-05,20,430,23
2025-09-05,21,410,23
2025-09-05,22,340,19
2025-09-05,23,250,14
2025-09-06,0,175,9
2025-09-06,1,140,8
2025-09-06,2,140,8
2025-09-06,3,105,6
2025-09-06,4,105,5
2025-09-06,5,160,9
2025-09-06,6,195,11
2025-09-06,7,230,13
2025-09-06,8,305,17
2025-09-06,9,375,20
2025-09-06,10,375,20
2025-09-06,11,375,21
2025-09-06,12,375,21
2025-09-06,13,375,22
2025-09-06,14,430,25
2025-09-06,15,450,25
2025-09-06,16,465,26
2025-09-06,17,465,26
2025-09-06,18,465,26
2025-09-06,19,465,26
2025-09-06,20,465,26
2025-09-06,21,465,26
2025-09-06,22,450,24
2025-09-06,23,340,18
2025-09-07,0,230,13
2025-09-07,1,195,11
2025-09-07,2,195,11
2025-09-07,3,140,8
2025-09-07,4,105,6
2025-09-07,5,160,9
2025-09-07,6,180,10
2025-09-07,7,215,12
2025-09-07,8,285,16
2025-09-07,9,395,23
2025-09-07,10,375,23
2025-09-07,11,430,26
2025-09-07,12,500,27
2025-09-07,13,500,27
2025-09-07,14,500,27
2025-09-07,15,500,27
2025-09-07,16,500,27
2025-09-07,17,500,27
2025-09-07,18,485,27
2025-09-07,19,450,25
2025-09-07,20,410,23
2025-09-07,21,410,21
2025-09-07,22,360,18
2025-09-07,23,285,15
2025-09-08,0,170,8
2025-09-08,1,120,6
2025-09-08,2,90,5
2025-09-08,3,90,5
2025-09-08,4,110,6
2025-09-08,5,200,12
2025-09-08,6,320,18
2025-09-08,7,395,21
2025-09-08,8,395,21
2025-09-08,9,395,21
2025-09-08,10,375,19
2025-09-08,11,340,18
2025-09-08,12,340,18
2025-09-08,13,450,23
2025-09-08,14,450,26
2025-09-08,15,450,26
2025-09-08,16,450,26
2025-09-08,17,430,24
2025-09-08,18,410,24
2025-09-08,19,360,20
2025-09-08,20,340,19
2025-09-08,21,340,19
2025-09-08,22,280,15
2025-09-08,23,160,8
2025-09-09,0,90,5
2025-09-09,1,50,3
2025-09-09,2,50,3
2025-09-09,3,50,3
2025-09-09,4,110,6
2025-09-09,5,200,12
2025-09-09,6,320,17
2025-09-09,7,375,20
2025-09-09,8,375,21
2025-09-09,9,375,20
2025-09-09,10,360,19
2025-09-09,11,340,18
2025-09-09,12,340,18
2025-09-09,13,410,22
2025-09-09,14,430,24
2025-09-09,15,450,25
2025-09-09,16,450,25
2025-09-09,17,450,25
2025-09-09,18,410,24
2025-09-09,19,360,20
2025-09-09,20,320,19
2025-09-09,21,340,19
2025-09-09,22,270,14
2025-09-09,23,160,8
2025-09-10,0,90,5
2025-09-10,1,50,3
2025-09-10,2,50,3
2025-09-10,3,50,3
2025-09-10,4,105,6
2025-09-10,5,230,11
2025-09-10,6,305,17
2025-09-10,7,325,20
2025-09-10,8,375,21
2025-09-10,9,375,20
2025-09-10,10,360,18
2025-09-10,11,340,18
2025-09-10,12,340,18
2025-09-10,13,410,21
2025-09-10,14,430,24
2025-09-10,15,430,25
2025-09-10,16,430,25
2025-09-10,17,430,24
2025-09-10,18,410,23
2025-09-10,19,340,19
2025-09-10,20,320,18
2025-09-10,21,340,19
2025-09-10,22,270,14
2025-09-10,23,160,8
2025-09-11,0,90,5
2025-09-11,1,50,3
2025-09-11,2,50,3
2025-09-11,3,50,3
2025-09-11,4,105,5
2025-09-11,5,230,11
2025-09-11,6,305,17
2025-09-11,7,320,20
2025-09-11,8,375,21
2025-09-11,9,360,21
2025-09-11,10,360,18
2025-09-11,11,320,18
2025-09-11,12,320,18
2025-09-11,13,410,21
2025-09-11,14,430,24
2025-09-11,15,430,25
2025-09-11,16,430,25
2025-09-11,17,430,24
2025-09-11,18,395,22
2025-09-11,19,340,19
2025-09-11,20,320,18
2025-09-11,21,340,19
2025-09-11,22,270,14
2025-09-11,23,160,9
2025-09-12,0,90,5
2025-09-12,1,70,4
2025-09-12,2,50,3
2025-09-12,3,50,3
2025-09-12,4,105,6
2025-09-12,5,230,11
2025-09-12,6,305,17
2025-09-12,7,320,20
2025-09-12,8,375,21
2025-09-12,9,375,21
2025-09-12,10,360,20
2025-09-12,11,320,18
2025-09-12,12,320,18
2025-09-12,13,395,22
2025-09-12,14,430,25
2025-09-12,15,430,25
2025-09-12,16,430,25
2025-09-12,17,430,24
2025-09-12,18,430,23
2025-09-12,19,430,23
2025-09-12,20,430,23
2025-09-12,21,410,23
2025-09-12,22,340,19
2025-09-12,23,250,13
2025-09-13,0,175,8
2025-09-13,1,140,8
2025-09-13,2,140,8
2025-09-13,3,105,6
2025-09-13,4,105,5
2025-09-13,5,160,9
2025-09-13,6,195,12
2025-09-13,7,230,13
2025-09-13,8,305,17
2025-09-13,9,375,21
2025-09-13,10,375,20
2025-09-13,11,375,20
2025-09-13,12,375,21
2025-09-13,13,375,21
2025-09-13,14,430,24
2025-09-13,15,450,24
2025-09-13,16,465,26
2025-09-13,17,465,26
2025-09-13,18,465,26
2025-09-13,19,465,26
2025-09-13,20,465,26
2025-09-13,21,465,26
2025-09-13,22,450,23
2025-09-13,23,340,18
2025-09-14,0,230,12
2025-09-14,1,195,10
2025-09-14,2,195,10
2025-09-14,3,140,7
2025-09-14,4,105,6
2025-09-14,5,160,9
2025-09-14,6,180,10
2025-09-14,7,215,13
2025-09-14,8,285,17
2025-09-14,9,395,23
2025-09-14,10,375,23
2025-09-14,11,430,24
2025-09-14,12,500,28
2025-09-14,13,500,28
2025-09-14,14,500,28
2025-09-14,15,500,28
2025-09-14,16,500,28
2025-09-14,17,500,28
2025-09-14,18,485,27
2025-09-14,19,450,25
2025-09-14,20,410,23
2025-09-14,21,410,23
2025-09-14,22,360,20
2025-09-14,23,285,16
2025-09-15,0,130,8
2025-09-15,1,80,5
2025-09-15,2,60,4
2025-09-15,3,50,4
2025-09-15,4,100,6
2025-09-15,5,220,12
2025-09-15,6,300,18
2025-09-15,7,350,21
2025-09-15,8,350,21
2025-09-15,9,350,21
2025-09-15,10,375,20
2025-09-15,11,340,18
2025-09-15,12,340,18
2025-09-15,13,400,22
2025-09-15,14,450,24
2025-09-15,15,450,25
2025-09-15,16,450,25
2025-09-15,17,450,25
2025-09-15,18,400,24
2025-09-15,19,350,20
2025-09-15,20,350,19
2025-09-15,21,350,19
2025-09-15,22,250,15
2025-09-15,23,150,8
2025-09-16,0,70,5
2025-09-16,1,50,3
2025-09-16,2,50,3
2025-09-16,3,50,3
2025-09-16,4,80,6
2025-09-16,5,200,11
2025-09-16,6,300,17
2025-09-16,7,350,21
2025-09-16,8,350,21
2025-09-16,9,350,21
2025-09-16,10,300,19
2025-09-16,11,250,18
2025-09-16,12,250,18
2025-09-16,13,350,22
2025-09-16,14,420,24
2025-09-16,15,420,25
2025-09-16,16,420,25
2025-09-16,17,420,25
2025-09-16,18,350,23
2025-09-16,19,280,19
2025-09-16,20,250,18
2025-09-16,21,280,18
2025-09-16,22,250,14
2025-09-16,23,150,8
2025-09-17,0,70,5
2025-09-17,1,50,3
2025-09-17,2,50,3
2025-09-17,3,50,3
2025-09-17,4,80,6
2025-09-17,5,200,11
2025-09-17,6,300,17
2025-09-17,7,350,21
2025-09-17,8,350,21
2025-09-17,9,350,20
2025-09-17,10,300,19
2025-09-17,11,250,18
2025-09-17,12,250,18
2025-09-17,13,350,22
2025-09-17,14,420,24
2025-09-17,15,420,24
2025-09-17,16,420,24
2025-09-17,17,420,24
2025-09-17,18,350,23
2025-09-17,19,280,19
2025-09-17,20,250,18
2025-09-17,21,280,19
2025-09-17,22,250,14
2025-09-17,23,150,8
2025-09-18,0,70,5
2025-09-18,1,50,3
2025-09-18,2,50,3
2025-09-18,3,50,3
2025-09-18,4,80,6
2025-09-18,5,200,11
2025-09-18,6,300,17
2025-09-18,7,350,21
2025-09-18,8,350,21
2025-09-18,9,350,20
2025-09-18,10,300,18
2025-09-18,11,250,18
2025-09-18,12,250,18
2025-09-18,13,350,22
2025-09-18,14,420,24
2025-09-18,15,420,24
2025-09-18,16,420,24
2025-09-18,17,420,24
2025-09-18,18,350,23
2025-09-18,19,280,19
2025-09-18,20,250,18
2025-09-18,21,280,19
2025-09-18,22,250,14
2025-09-18,23,150,8
2025-09-19,0,80,5
2025-09-19,1,60,4
2025-09-19,2,50,3
2025-09-19,3,50,3
2025-09-19,4,80,6
2025-09-19,5,200,11
2025-09-19,6,300,17
2025-09-19,7,350,21
2025-09-19,8,350,21
2025-09-19,9,350,21
2025-09-19,10,300,19
2025-09-19,11,250,18
2025-09-19,12,250,18
2025-09-19,13,350,22
2025-09-19,14,450,25
2025-09-19,15,450,25
2025-09-19,16,450,25
2025-09-19,17,430,25
2025-09-19,18,400,23
2025-09-19,19,350,22
2025-09-19,20,300,22
2025-09-19,21,300,22
2025-09-19,22,300,19
2025-09-19,23,200,13
2025-09-20,0,175,8
2025-09-20,1,140,8
2025-09-20,2,140,8
2025-09-20,3,105,6
2025-09-20,4,105,5
2025-09-20,5,160,9
2025-09-20,6,195,12
2025-09-20,7,230,13
2025-09-20,8,305,17
2025-09-20,9,375,21
2025-09-20,10,375,20
2025-09-20,11,375,21
2025-09-20,12,375,22
2025-09-20,13,375,23
2025-09-20,14,430,24
2025-09-20,15,450,24
2025-09-20,16,465,26
2025-09-20,17,465,26
2025-09-20,18,465,26
2025-09-20,19,465,26
2025-09-20,20,465,26
2025-09-20,21,465,26
2025-09-20,22,450,24
2025-09-20,23,340,17
2025-09-21,0,230,12
2025-09-21,1,195,10
2025-09-21,2,195,10
2025-09-21,3,140,7
2025-09-21,4,105,6
2025-09-21,5,160,9
2025-09-21,6,180,10
2025-09-21,7,215,13
2025-09-21,8,285,17
2025-09-21,9,395,24
2025-09-21,10,375,25
2025-09-21,11,430,24
2025-09-21,12,500,28
2025-09-21,13,500,28
2025-09-21,14,500,28
2025-09-21,15,500,28
2025-09-21,16,500,28
2025-09-21,17,500,28
2025-09-21,18,485,28
2025-09-21,19,450,25
2025-09-21,20,410,25
2025-09-21,21,410,24
2025-09-21,22,360,20
2025-09-21,23,285,16
2025-09-22,0,130,8
2025-09-22,1,80,5
2025-09-22,2,60,4
2025-09-22,3,50,4
2025-09-22,4,100,6
2025-09-22,5,220,12
2025-09-22,6,300,18
2025-09-22,7,350,21
2025-09-22,8,350,21
2025-09-22,9,350,21
2025-09-22,10,375,20
2025-09-22,11,340,18
2025-09-22,12,340,18
2025-09-22,13,400,23
2025-09-22,14,450,25
2025-09-22,15,450,25
2025-09-22,16,450,25
2025-09-22,17,450,25
2025-09-22,18,400,24
2025-09-22,19,350,20
2025-09-22,20,350,20
2025-09-22,21,350,19
2025-09-22,22,230,15
2025-09-22,23,130,9
2025-09-23,0,70,5
2025-09-23,1,50,3
2025-09-23,2,50,3
2025-09-23,3,50,3
2025-09-23,4,80,6
2025-09-23,5,200,12
2025-09-23,6,300,18
2025-09-23,7,350,21
2025-09-23,8,350,21
2025-09-23,9,350,21
2025-09-23,10,300,19
2025-09-23,11,250,18
2025-09-23,12,250,18
2025-09-23,13,350,22
2025-09-23,14,420,24
2025-09-23,15,420,25
2025-09-23,16,420,25
2025-09-23,17,420,25
2025-09-23,18,350,23
2025-09-23,19,280,20
2025-09-23,20,250,18
2025-09-23,21,280,18
2025-09-23,22,230,14
2025-09-23,23,130,8
2025-09-24,0,70,5
2025-09-24,1,50,3
2025-09-24,2,50,3
2025-09-24,3,50,3
2025-09-24,4,80,6
2025-09-24,5,200,12
2025-09-24,6,300,18
2025-09-24,7,350,21
2025-09-24,8,350,21
2025-09-24,9,350,21
2025-09-24,10,300,19
2025-09-24,11,250,18
2025-09-24,12,250,18
2025-09-24,13,350,22
2025-09-24,14,420,24
2025-09-24,15,420,24
2025-09-24,16,420,24
2025-09-24,17,420,24
2025-09-24,18,350,23
2025-09-24,19,280,19
2025-09-24,20,250,18
2025-09-24,21,280,18
2025-09-24,22,230,14
2025-09-24,23,130,8
2025-09-25,0,70,5
2025-09-25,1,50,3
2025-09-25,2,50,3
2025-09-25,3,50,3
2025-09-25,4,80,6
2025-09-25,5,200,12
2025-09-25,6,300,18
2025-09-25,7,350,21
2025-09-25,8,350,21
2025-09-25,9,350,21
2025-09-25,10,300,18
2025-09-25,11,250,18
2025-09-25,12,250,18
2025-09-25,13,350,22
2025-09-25,14,420,24
2025-09-25,15,420,24
2025-09-25,16,420,24
2025-09-25,17,420,24
2025-09-25,18,350,23
2025-09-25,19,280,19
2025-09-25,20,250,18
2025-09-25,21,280,18
2025-09-25,22,230,15
2025-09-25,23,130,8
2025-09-26,0,80,5
2025-09-26,1,60,4
2025-09-26,2,50,3
2025-09-26,3,50,3
2025-09-26,4,80,6
2025-09-26,5,200,12
2025-09-26,6,300,18
2025-09-26,7,350,21
2025-09-26,8,350,21
2025-09-26,9,350,21
2025-09-26,10,300,19
2025-09-26,11,250,18
2025-09-26,12,250,18
2025-09-26,13,350,22
2025-09-26,14,450,25
2025-09-26,15,450,25
2025-09-26,16,450,25
2025-09-26,17,430,25
2025-09-26,18,400,24
2025-09-26,19,350,21
2025-09-26,20,300,21
2025-09-26,21,300,21
2025-09-26,22,300,18
2025-09-26,23,180,13
2025-09-27,0,175,8
2025-09-27,1,140,8
2025-09-27,2,140,8
2025-09-27,3,105,6
2025-09-27,4,105,6
2025-09-27,5,160,10
2025-09-27,6,195,12
2025-09-27,7,230,13
2025-09-27,8,305,17
2025-09-27,9,375,21
2025-09-27,10,375,21
2025-09-27,11,375,22
2025-09-27,12,375,22
2025-09-27,13,375,23
2025-09-27,14,430,24
2025-09-27,15,450,24
2025-09-27,16,465,25
2025-09-27,17,465,25
2025-09-27,18,465,25
2025-09-27,19,465,25
2025-09-27,20,465,25
2025-09-27,21,465,24
2025-09-27,22,400,23
2025-09-27,23,300,17
2025-09-28,0,200,12
2025-09-28,1,150,10
2025-09-28,2,250,10
2025-09-28,3,150,7
2025-09-28,4,130,6
2025-09-28,5,130,9
2025-09-28,6,150,10
2025-09-28,7,200,13
2025-09-28,8,280,17
2025-09-28,9,400,24
2025-09-28,10,400,24
2025-09-28,11,400,24
2025-09-28,12,450,28
2025-09-28,13,500,28
2025-09-28,14,500,28
2025-09-28,15,500,28
2025-09-28,16,500,28
2025-09-28,17,500,28
2025-09-28,18,450,27
2025-09-28,19,450,25
2025-09-28,20,450,25
2025-09-28,21,400,24
2025-09-28,22,300,19
2025-09-28,23,200,16
2025-09-29,0,130,8
2025-09-29,1,80,6
2025-09-29,2,60,4
2025-09-29,3,60,4
2025-09-29,4,70,6
2025-09-29,5,220,12
2025-09-29,6,300,18
2025-09-29,7,350,21
2025-09-29,8,350,21
2025-09-29,9,350,21
2025-09-29,10,375,19
2025-09-29,11,340,18
2025-09-29,12,340,18
2025-09-29,13,400,23
2025-09-29,14,450,24
2025-09-29,15,450,24
2025-09-29,16,450,24
2025-09-29,17,450,24
2025-09-29,18,400,22
2025-09-29,19,350,19
2025-09-29,20,350,19
2025-09-29,21,350,18
2025-09-29,22,230,14
2025-09-29,23,130,9
2025-09-30,0,70,4
2025-09-30,1,50,3
2025-09-30,2,40,3
2025-09-30,3,40,3
2025-09-30,4,70,6
2025-09-30,5,200,12
2025-09-30,6,300,18
2025-09-30,7,350,21
2025-09-30,8,350,21
2025-09-30,9,350,21
2025-09-30,10,300,19
2025-09-30,11,250,18
2025-09-30,12,250,18
2025-09-30,13,350,22
2025-09-30,14,420,24
2025-09-30,15,420,24
2025-09-30,16,420,24
2025-09-30,17,420,24
2025-09-30,18,350,23
2025-09-30,19,280,19
2025-09-30,20,250,18
2025-09-30,21,280,18
2025-09-30,22,230,14
2025-09-30,23,130,8
2025-10-01,0,70,4
2025-10-01,1,50,3
2025-10-01,2,40,3
2025-10-01,3,40,3
2025-10-01,4,60,6
2025-10-01,5,200,12
2025-10-01,6,300,18
2025-10-01,7,350,20
2025-10-01,8,350,20
2025-10-01,9,350,20
2025-10-01,10,300,19
2025-10-01,11,250,18
2025-10-01,12,250,18
2025-10-01,13,350,23
2025-10-01,14,420,24
2025-10-01,15,420,24
2025-10-01,16,420,24
2025-10-01,17,420,24
2025-10-01,18,350,23
2025-10-01,19,280,18
2025-10-01,20,250,18
2025-10-01,21,280,18
2025-10-01,22,230,14
2025-10-01,23,130,8
2025-10-02,0,70,4
2025-10-02,1,50,3
2025-10-02,2,40,3
2025-10-02,3,40,3
2025-10-02,4,60,6
2025-10-02,5,200,12
2025-10-02,6,300,18
2025-10-02,7,350,20
2025-10-02,8,350,20
2025-10-02,9,350,20
2025-10-02,10,300,18
2025-10-02,11,250,18
2025-10-02,12,250,18
2025-10-02,13,350,22
2025-10-02,14,420,24
2025-10-02,15,420,24
2025-10-02,16,420,24
2025-10-02,17,420,24
2025-10-02,18,350,23
2025-10-02,19,280,18
2025-10-02,20,250,18
2025-10-02,21,280,18
2025-10-02,22,230,14
2025-10-02,23,130,8
2025-10-03,0,80,4
2025-10-03,1,60,4
2025-10-03,2,40,3
2025-10-03,3,40,3
2025-10-03,4,60,6
2025-10-03,5,200,12
2025-10-03,6,300,18
2025-10-03,7,350,20
2025-10-03,8,350,20
2025-10-03,9,350,20
2025-10-03,10,300,18
2025-10-03,11,250,18
2025-10-03,12,250,18
2025-10-03,13,350,22
2025-10-03,14,450,25
2025-10-03,15,450,25
2025-10-03,16,450,25
2025-10-03,17,430,25
2025-10-03,18,400,25
2025-10-03,19,350,22
2025-10-03,20,300,22
2025-10-03,21,300,22
2025-10-03,22,300,20
2025-10-03,23,180,14
2025-10-04,0,130,7
2025-10-04,1,80,7
2025-10-04,2,80,7
2025-10-04,3,105,6
2025-10-04,4,105,6
2025-10-04,5,160,10
2025-10-04,6,195,12
2025-10-04,7,230,13
2025-10-04,8,305,17
2025-10-04,9,375,22
2025-10-04,10,375,21
2025-10-04,11,375,21
2025-10-04,12,375,23
2025-10-04,13,375,23
2025-10-04,14,430,25
2025-10-04,15,450,25
2025-10-04,16,465,26
2025-10-04,17,465,26
2025-10-04,18,465,26
2025-10-04,19,465,26
2025-10-04,20,465,27
2025-10-04,21,465,26
2025-10-04,22,400,24
2025-10-04,23,300,18
2025-10-05,0,200,11
2025-10-05,1,150,9
2025-10-05,2,250,9
2025-10-05,3,150,6
2025-10-05,4,130,6
2025-10-05,5,130,9
2025-10-05,6,150,10
2025-10-05,7,200,13
2025-10-05,8,280,17
2025-10-05,9,400,25
2025-10-05,10,400,25
2025-10-05,11,400,25
2025-10-05,12,450,27
2025-10-05,13,500,27
2025-10-05,14,500,28
2025-10-05,15,500,28
2025-10-05,16,500,28
2025-10-05,17,500,28
2025-10-05,18,450,27
2025-10-05,19,450,26
2025-10-05,20,450,26
2025-10-05,21,400,26
2025-10-05,22,300,19
2025-10-05,23,200,16
2025-10-06,0,180,8
2025-10-06,1,80,6
2025-10-06,2,60,4
2025-10-06,3,60,4
2025-10-06,4,70,6
2025-10-06,5,200,12
2025-10-06,6,350,18
2025-10-06,7,420,22
2025-10-06,8,420,22
2025-10-06,9,420,22
2025-10-06,10,375,19
2025-10-06,11,340,18
2025-10-06,12,340,18
2025-10-06,13,400,23
2025-10-06,14,450,25
2025-10-06,15,450,25
2025-10-06,16,450,25
2025-10-06,17,450,25
2025-10-06,18,400,23
2025-10-06,19,350,19
2025-10-06,20,350,19
2025-10-06,21,350,18
2025-10-06,22,230,14
2025-10-06,23,130,9
2025-10-07,0,70,4
2025-10-07,1,50,3
2025-10-07,2,40,3
2025-10-07,3,40,3
2025-10-07,4,70,6
2025-10-07,5,200,12
2025-10-07,6,300,18
2025-10-07,7,350,21
2025-10-07,8,350,21
2025-10-07,9,350,21
2025-10-07,10,300,19
2025-10-07,11,250,18
2025-10-07,12,250,18
2025-10-07,13,350,22
2025-10-07,14,420,25
2025-10-07,15,420,25
2025-10-07,16,420,25
2025-10-07,17,420,25
2025-10-07,18,350,23
2025-10-07,19,280,19
2025-10-07,20,250,18
2025-10-07,21,280,18
2025-10-07,22,230,14
2025-10-07,23,130,8
2025-10-08,0,70,4
2025-10-08,1,50,3
2025-10-08,2,40,3
2025-10-08,3,40,3
2025-10-08,4,60,6
2025-10-08,5,200,12
2025-10-08,6,300,18
2025-10-08,7,350,21
2025-10-08,8,350,21
2025-10-08,9,350,21
2025-10-08,10,300,19
2025-10-08,11,250,18
2025-10-08,12,250,18
2025-10-08,13,350,22
2025-10-08,14,420,24
2025-10-08,15,420,25
2025-10-08,16,420,25
2025-10-08,17,420,24
2025-10-08,18,350,23
2025-10-08,19,280,18
2025-10-08,20,280,18
2025-10-08,21,250,17
2025-10-08,22,230,14
2025-10-08,23,130,8
2025-10-09,0,70,4
2025-10-09,1,50,3
2025-10-09,2,40,3
2025-10-09,3,40,3
2025-10-09,4,60,6
2025-10-09,5,200,12
2025-10-09,6,300,18
2025-10-09,7,350,21
2025-10-09,8,350,21
2025-10-09,9,350,21
2025-10-09,10,300,18
2025-10-09,11,250,18
2025-10-09,12,250,18
2025-10-09,13,350,22
2025-10-09,14,420,24
2025-10-09,15,420,25
2025-10-09,16,420,25
2025-10-09,17,420,24
2025-10-09,18,350,23
2025-10-09,19,280,18
2025-10-09,20,250,18
2025-10-09,21,280,18
2025-10-09,22,230,14
2025-10-09,23,130,8
2025-10-10,0,80,4
2025-10-10,1,60,4
2025-10-10,2,40,3
2025-10-10,3,40,3
2025-10-10,4,60,6
2025-10-10,5,200,12
2025-10-10,6,300,18
2025-10-10,7,350,21
2025-10-10,8,350,21
2025-10-10,9,350,21
2025-10-10,10,300,18
2025-10-10,11,250,18
2025-10-10,12,250,18
2025-10-10,13,350,22
2025-10-10,14,450,24
2025-10-10,15,450,25
2025-10-10,16,450,25
2025-10-10,17,430,24
2025-10-10,18,400,24
2025-10-10,19,350,22
2025-10-10,20,300,21
2025-10-10,21,300,21
2025-10-10,22,300,18
2025-10-10,23,180,13
2025-10-11,0,130,8
2025-10-11,1,80,7
2025-10-11,2,80,7
2025-10-11,3,105,6
2025-10-11,4,105,6
2025-10-11,5,160,10
2025-10-11,6,195,12
2025-10-11,7,230,13
2025-10-11,8,305,17
2025-10-11,9,375,22
2025-10-11,10,375,21
2025-10-11,11,375,21
2025-10-11,12,375,23
2025-10-11,13,375,23
2025-10-11,14,430,25
2025-10-11,15,450,26
2025-10-11,16,465,26
2025-10-11,17,465,26
2025-10-11,18,465,26
2025-10-11,19,465,25
2025-10-11,20,465,25
2025-10-11,21,465,24
2025-10-11,22,400,22
2025-10-11,23,300,17
2025-10-12,0,200,11
2025-10-12,1,150,9
2025-10-12,2,250,9
2025-10-12,3,150,6
2025-10-12,4,130,6
2025-10-12,5,130,9
2025-10-12,6,150,10
2025-10-12,7,200,13
2025-10-12,8,280,17
2025-10-12,9,400,25
2025-10-12,10,400,25
2025-10-12,11,400,25
2025-10-12,12,450,27
2025-10-12,13,500,27
2025-10-12,14,500,28
2025-10-12,15,500,28
2025-10-12,16,500,28
2025-10-12,17,500,28
2025-10-12,18,450,27
2025-10-12,19,450,26
2025-10-12,20,450,25
2025-10-12,21,400,24
2025-10-12,22,300,18
2025-10-12,23,200,15
2025-10-13,0,180,9
2025-10-13,1,80,6
2025-10-13,2,60,4
2025-10-13,3,60,4
2025-10-13,4,70,6
2025-10-13,5,200,12
2025-10-13,6,350,19
2025-10-13,7,420,23
2025-10-13,8,420,22
2025-10-13,9,420,22
2025-10-13,10,375,19
2025-10-13,11,340,18
2025-10-13,12,340,18
2025-10-13,13,400,23
2025-10-13,14,450,25
2025-10-13,15,450,25
2025-10-13,16,450,25
2025-10-13,17,450,25
2025-10-13,18,400,23
2025-10-13,19,350,19
2025-10-13,20,350,19
2025-10-13,21,350,18
2025-10-13,22,230,14
2025-10-13,23,130,9
2025-10-14,0,70,4
2025-10-14,1,50,3
2025-10-14,2,40,3
2025-10-14,3,40,3
2025-10-14,4,70,6
2025-10-14,5,200,12
2025-10-14,6,300,18
2025-10-14,7,350,21
2025-10-14,8,350,21
2025-10-14,9,350,21
2025-10-14,10,300,19
2025-10-14,11,250,18
2025-10-14,12,250,18
2025-10-14,13,350,22
2025-10-14,14,420,25
2025-10-14,15,420,25
2025-10-14,16,420,25
2025-10-14,17,420,25
2025-10-14,18,350,23
2025-10-14,19,280,19
2025-10-14,20,250,18
2025-10-14,21,280,18
2025-10-14,22,230,14
2025-10-14,23,130,8
2025-10-15,0,70,4
2025-10-15,1,50,3
2025-10-15,2,40,3
2025-10-15,3,40,3
2025-10-15,4,60,6
2025-10-15,5,200,12
2025-10-15,6,300,18
2025-10-15,7,350,21
2025-10-15,8,350,21
2025-10-15,9,350,21
2025-10-15,10,300,19
2025-10-15,11,250,18
2025-10-15,12,250,18
2025-10-15,13,350,22
2025-10-15,14,420,24
2025-10-15,15,420,25
2025-10-15,16,420,25
2025-10-15,17,420,24
2025-10-15,18,350,23
2025-10-15,19,280,18
2025-10-15,20,280,18
2025-10-15,21,250,17
2025-10-15,22,230,14
2025-10-15,23,130,8
2025-10-16,0,70,4
2025-10-16,1,50,3
2025-10-16,2,40,3
2025-10-16,3,40,3
2025-10-16,4,60,6
2025-10-16,5,200,12
2025-10-16,6,300,18
2025-10-16,7,350,21
2025-10-16,8,350,21
2025-10-16,9,350,21
2025-10-16,10,300,18
2025-10-16,11,250,18
2025-10-16,12,250,18
2025-10-16,13,350,22
2025-10-16,14,420,24
2025-10-16,15,420,25
2025-10-16,16,420,25
2025-10-16,17,420,24
2025-10-16,18,350,23
2025-10-16,19,280,18
2025-10-16,20,250,18
2025-10-16,21,280,18
2025-10-16,22,230,14
2025-10-16,23,130,8
2025-10-17,0,80,4
2025-10-17,1,60,4
2025-10-17,2,40,3
2025-10-17,3,40,3
2025-10-17,4,60,6
2025-10-17,5,200,12
2025-10-17,6,300,18
2025-10-17,7,350,21
2025-10-17,8,350,21
2025-10-17,9,350,21
2025-10-17,10,300,18
2025-10-17,11,250,18
2025-10-17,12,250,18
2025-10-17,13,350,22
2025-10-17,14,450,24
2025-10-17,15,450,25
2025-10-17,16,450,25
2025-10-17,17,430,24
2025-10-17,18,400,24
2025-10-17,19,350,22
2025-10-17,20,300,21
2025-10-17,21,300,21
2025-10-17,22,300,18
2025-10-17,23,180,13
2025-10-18,0,130,8
2025-10-18,1,80,7
2025-10-18,2,80,7
2025-10-18,3,105,6
2025-10-18,4,105,6
2025-10-18,5,160,10
2025-10-18,6,195,12
2025-10-18,7,230,13
2025-10-18,8,305,17
2025-10-18,9,375,22
2025-10-18,10,375,21
2025-10-18,11,375,21
2025-10-18,12,375,23
2025-10-18,13,375,23
2025-10-18,14,430,25
2025-10-18,15,450,26
2025-10-18,16,465,26
2025-10-18,17,465,26
2025-10-18,18,465,26
2025-10-18,19,465,26
2025-10-18,20,465,25
2025-10-18,21,465,24
2025-10-18,22,400,22
2025-10-18,23,300,17
2025-10-19,0,200,11
2025-10-19,1,150,9
2025-10-19,2,250,9
2025-10-19,3,150,6
2025-10-19,4,130,6
2025-10-19,5,130,9
2025-10-19,6,150,10
2025-10-19,7,200,13
2025-10-19,8,280,17
2025-10-19,9,400,25
2025-10-19,10,400,25
2025-10-19,11,400,25
2025-10-19,12,450,27
2025-10-19,13,500,27
2025-10-19,14,500,27
2025-10-19,15,500,27
2025-10-19,16,500,27
2025-10-19,17,500,27
2025-10-19,18,450,26
2025-10-19,19,450,26
2025-10-19,20,450,24
2025-10-19,21,400,23
2025-10-19,22,300,18
2025-10-19,23,200,15
2025-10-20,0,180,9
2025-10-20,1,80,6
2025-10-20,2,60,4
2025-10-20,3,60,4
2025-10-20,4,70,6
2025-10-20,5,200,12
2025-10-20,6,350,19
2025-10-20,7,420,23
2025-10-20,8,420,22
2025-10-20,9,420,22
2025-10-20,10,375,19
2025-10-20,11,340,18
2025-10-20,12,340,18
2025-10-20,13,400,23
2025-10-20,14,450,25
2025-10-20,15,450,25
2025-10-20,16,450,25
2025-10-20,17,450,25
2025-10-20,18,400,23
2025-10-20,19,350,19
2025-10-20,20,350,19
2025-10-20,21,350,18
2025-10-20,22,230,14
2025-10-20,23,130,9
2025-10-21,0,70,4
2025-10-21,1,50,3
2025-10-21,2,40,3
2025-10-21,3,40,3
2025-10-21,4,70,6
2025-10-21,5,200,12
2025-10-21,6,300,18
2025-10-21,7,350,21
2025-10-21,8,350,21
2025-10-21,9,350,21
2025-10-21,10,300,19
2025-10-21,11,250,18
2025-10-21,12,250,18
2025-10-21,13,350,22
2025-10-21,14,420,25
2025-10-21,15,420,25
2025-10-21,16,420,25
2025-10-21,17,420,25
2025-10-21,18,350,23
2025-10-21,19,280,19
2025-10-21,20,250,18
2025-10-21,21,280,18
2025-10-21,22,230,14
2025-10-21,23,130,9
2025-10-22,0,70,4
2025-10-22,1,50,3
2025-10-22,2,40,3
2025-10-22,3,40,3
2025-10-22,4,60,6
2025-10-22,5,200,12
2025-10-22,6,300,18
2025-10-22,7,350,21
2025-10-22,8,350,21
2025-10-22,9,350,21
2025-10-22,10,300,19
2025-10-22,11,250,18
2025-10-22,12,250,18
2025-10-22,13,350,22
2025-10-22,14,420,25
2025-10-22,15,420,25
2025-10-22,16,420,25
2025-10-22,17,420,25
2025-10-22,18,350,23
2025-10-22,19,280,18
2025-10-22,20,280,18
2025-10-22,21,250,18
2025-10-22,22,230,14
2025-10-22,23,130,8
2025-10-23,0,70,4
2025-10-23,1,50,3
2025-10-23,2,40,3
2025-10-23,3,40,3
2025-10-23,4,60,6
2025-10-23,5,200,12
2025-10-23,6,300,18
2025-10-23,7,350,20
2025-10-23,8,350,20
2025-10-23,9,350,20
2025-10-23,10,300,18
2025-10-23,11,250,18
2025-10-23,12,250,18
2025-10-23,13,350,22
2025-10-23,14,420,25
2025-10-23,15,420,25
2025-10-23,16,420,25
2025-10-23,17,420,25
2025-10-23,18,350,23
2025-10-23,19,280,18
2025-10-23,20,250,18
2025-10-23,21,280,18
2025-10-23,22,230,14
2025-10-23,23,130,9
2025-10-24,0,80,4
2025-10-24,1,60,4
2025-10-24,2,40,3
2025-10-24,3,40,3
2025-10-24,4,60,6
2025-10-24,5,200,12
2025-10-24,6,300,18
2025-10-24,7,350,21
2025-10-24,8,350,21
2025-10-24,9,350,21
2025-10-24,10,300,18
2025-10-24,11,250,18
2025-10-24,12,250,18
2025-10-24,13,350,22
2025-10-24,14,450,25
2025-10-24,15,450,25
2025-10-24,16,450,25
2025-10-24,17,430,25
2025-10-24,18,400,24
2025-10-24,19,350,23
2025-10-24,20,300,22
2025-10-24,21,300,21
2025-10-24,22,300,18
2025-10-24,23,180,13
2025-10-25,0,130,9
2025-10-25,1,80,7
2025-10-25,2,80,7
2025-10-25,3,105,6
2025-10-25,4,105,6
2025-10-25,5,160,10
2025-10-25,6,195,12
2025-10-25,7,230,13
2025-10-25,8,305,17
2025-10-25,9,375,22
2025-10-25,10,375,20
2025-10-25,11,375,20
2025-10-25,12,375,22
2025-10-25,13,375,23
2025-10-25,14,430,25
2025-10-25,15,450,26
2025-10-25,16,465,27
2025-10-25,17,465,27
2025-10-25,18,465,27
2025-10-25,19,465,27
2025-10-25,20,465,25
2025-10-25,21,465,24
2025-10-25,22,400,22
2025-10-25,23,300,17
2025-10-26,0,200,12
2025-10-26,1,150,9
2025-10-26,2,250,9
2025-10-26,3,150,7
2025-10-26,4,130,6
2025-10-26,5,130,8
2025-10-26,6,150,10
2025-10-26,7,200,13
2025-10-26,8,280,17
2025-10-26,9,400,24
2025-10-26,10,400,24
2025-10-26,11,400,24
2025-10-26,12,450,26
2025-10-26,13,500,28
2025-10-26,14,500,28
2025-10-26,15,500,28
2025-10-26,16,500,28
2025-10-26,17,500,28
2025-10-26,18,450,26
2025-10-26,19,450,26
2025-10-26,20,450,24
2025-10-26,21,400,23
2025-10-26,22,300,18
2025-10-26,23,200,15
2025-10-27,0,180,9
2025-10-27,1,80,6
2025-10-27,2,60,4
2025-10-27,3,60,4
2025-10-27,4,70,6
2025-10-27,5,200,12
2025-10-27,6,350,18
2025-10-27,7,420,22
2025-10-27,8,420,21
2025-10-27,9,420,21
2025-10-27,10,375,19
2025-10-27,11,340,18
2025-10-27,12,340,17
2025-10-27,13,400,22
2025-10-27,14,450,24
2025-10-27,15,450,24
2025-10-27,16,450,25
2025-10-27,17,450,25
2025-10-27,18,400,23
2025-10-27,19,350,19
2025-10-27,20,350,19
2025-10-27,21,350,18
2025-10-27,22,230,14
2025-10-27,23,130,9
2025-10-28,0,70,4
2025-10-28,1,50,3
2025-10-28,2,40,3
2025-10-28,3,40,3
2025-10-28,4,70,6
2025-10-28,5,200,12
2025-10-28,6,300,17
2025-10-28,7,350,21
2025-10-28,8,350,21
2025-10-28,9,350,21
2025-10-28,10,300,19
2025-10-28,11,250,18
2025-10-28,12,250,18
2025-10-28,13,350,22
2025-10-28,14,420,25
2025-10-28,15,420,25
2025-10-28,16,420,25
2025-10-28,17,420,25
2025-10-28,18,350,23
2025-10-28,19,280,19
2025-10-28,20,250,18
2025-10-28,21,280,18
2025-10-28,22,230,14
2025-10-28,23,130,9
2025-10-29,0,70,4
2025-10-29,1,50,3
2025-10-29,2,40,3
2025-10-29,3,40,3
2025-10-29,4,60,6
2025-10-29,5,200,12
2025-10-29,6,300,18
2025-10-29,7,350,21
2025-10-29,8,350,21
2025-10-29,9,350,21
2025-10-29,10,300,19
2025-10-29,11,250,18
2025-10-29,12,250,18
2025-10-29,13,350,22
2025-10-29,14,420,25
2025-10-29,15,420,25
2025-10-29,16,420,25
2025-10-29,17,420,25
2025-10-29,18,350,23
2025-10-29,19,280,18
2025-10-29,20,280,18
2025-10-29,21,250,18
2025-10-29,22,230,14
2025-10-29,23,130,8
2025-10-30,0,70,4
2025-10-30,1,50,3
2025-10-30,2,40,3
2025-10-30,3,40,3
2025-10-30,4,60,6
2025-10-30,5,200,12
2025-10-30,6,300,18
2025-10-30,7,350,21
2025-10-30,8,350,21
2025-10-30,9,350,21
2025-10-30,10,300,18
2025-10-30,11,250,18
2025-10-30,12,250,18
2025-10-30,13,350,22
2025-10-30,14,420,25
2025-10-30,15,420,25
2025-10-30,16,420,25
2025-10-30,17,420,25
2025-10-30,18,350,23
2025-10-30,19,280,18
2025-10-30,20,250,18
2025-10-30,21,280,18
2025-10-30,22,230,14
2025-10-30,23,130,9
2025-10-31,0,80,4
2025-10-31,1,60,4
2025-10-31,2,40,3
2025-10-31,3,40,3
2025-10-31,4,60,6
2025-10-31,5,200,12
2025-10-31,6,300,18
2025-10-31,7,350,21
2025-10-31,8,350,21
2025-10-31,9,350,21
2025-10-31,10,300,18
2025-10-31,11,250,18
2025-10-31,12,250,18
2025-10-31,13,350,22
2025-10-31,14,450,25
2025-10-31,15,450,25
2025-10-31,16,450,25
2025-10-31,17,430,25
2025-10-31,18,400,24
2025-10-31,19,350,23
2025-10-31,20,300,22
2025-10-31,21,300,21
2025-10-31,22,300,18
2025-10-31,23,180,13
2025-11-01,0,130,9
2025-11-01,1,80,7
2025-11-01,2,80,7
2025-11-01,3,105,6
2025-11-01,4,105,6
2025-11-01,5,160,9
2025-11-01,6,195,11
2025-11-01,7,230,12
2025-11-01,8,305,17
2025-11-01,9,375,21
2025-11-01,10,375,19
2025-11-01,11,375,19
2025-11-01,12,375,21
2025-11-01,13,375,21
2025-11-01,14,430,24
2025-11-01,15,450,24
2025-11-01,16,465,27
2025-11-01,17,465,27
2025-11-01,18,465,27
2025-11-01,19,465,27
2025-11-01,20,465,25
2025-11-01,21,465,24
2025-11-01,22,400,22
2025-11-01,23,300,17
2025-11-02,0,200,12
2025-11-02,1,150,9
2025-11-02,1,150,9
2025-11-02,2,250,9
2025-11-02,3,150,7
2025-11-02,4,130,7
2025-11-02,5,130,8
2025-11-02,6,150,10
2025-11-02,7,200,13
2025-11-02,8,280,17
2025-11-02,9,400,24
2025-11-02,10,400,23
2025-11-02,11,400,23
2025-11-02,12,450,26
2025-11-02,13,500,28
2025-11-02,14,500,28
2025-11-02,15,500,28
2025-11-02,16,500,28
2025-11-02,17,500,28
2025-11-02,18,450,27
2025-11-02,19,450,26
2025-11-02,20,450,23
2025-11-02,21,400,22
2025-11-02,22,300,17
2025-11-03,0,180,9
2025-11-03,1,80,6
2025-11-03,2,60,4
2025-11-03,3,60,4
2025-11-03,4,70,6
2025-11-03,5,200,12
2025-11-03,6,350,18
2025-11-03,7,420,22
2025-11-03,8,420,21
2025-11-03,9,420,21
2025-11-03,10,375,19
2025-11-03,11,340,18
2025-11-03,12,340,18
2025-11-03,13,400,22
2025-11-03,14,450,24
2025-11-03,15,450,24
2025-11-03,16,450,24
2025-11-03,17,450,24
2025-11-03,18,400,23
2025-11-03,19,350,19
2025-11-03,20,350,18
2025-11-03,21,350,17
2025-11-03,22,230,13
2025-11-03,23,130,8
2025-11-04,0,70,4
2025-11-04,1,50,3
2025-11-04,2,40,3
2025-11-04,3,40,3
2025-11-04,4,70,6
2025-11-04,5,200,12
2025-11-04,6,300,18
2025-11-04,7,350,21
2025-11-04,8,350,21
2025-11-04,9,350,21
2025-11-04,10,300,19
2025-11-04,11,250,18
2025-11-04,12,250,18
2025-11-04,13,350,23
2025-11-04,14,420,25
2025-11-04,15,420,26
2025-11-04,16,420,25
2025-11-04,17,420,24
2025-11-04,18,350,22
2025-11-04,19,280,19
2025-11-04,20,250,19
2025-11-04,21,280,19
2025-11-04,22,230,14
2025-11-04,23,130,9
2025-11-05,0,70,4
2025-11-05,1,50,3
2025-11-05,2,40,3
2025-11-05,3,40,3
2025-11-05,4,60,6
2025-11-05,5,200,12
2025-11-05,6,300,17
2025-11-05,7,350,20
2025-11-05,8,350,20
2025-11-05,9,350,20
2025-11-05,10,300,18
2025-11-05,11,250,18
2025-11-05,12,250,18
2025-11-05,13,350,22
2025-11-05,14,420,24
2025-11-05,15,420,24
2025-11-05,16,420,24
2025-11-05,17,420,24
2025-11-05,18,350,22
2025-11-05,19,280,18
2025-11-05,20,280,18
2025-11-05,21,250,18
2025-11-05,22,230,13
2025-11-05,23,130,8
2025-11-06,0,70,4
2025-11-06,1,50,3
2025-11-06,2,40,3
2025-11-06,3,40,3
2025-11-06,4,60,7
2025-11-06,5,200,13
2025-11-06,6,300,19
2025-11-06,7,350,22
2025-11-06,8,350,22
2025-11-06,9,350,21
2025-11-06,10,300,18
2025-11-06,11,250,18
2025-11-06,12,250,18
2025-11-06,13,350,22
2025-11-06,14,420,25
2025-11-06,15,420,25
2025-11-06,16,420,25
2025-11-06,17,420,25
2025-11-06,18,350,23
2025-11-06,19,280,18
2025-11-06,20,250,18
2025-11-06,21,280,18
2025-11-06,22,230,14
2025-11-06,23,130,8
2025-11-07,0,80,4
2025-11-07,1,60,4
2025-11-07,2,40,3
2025-11-07,3,40,3
2025-11-07,4,60,6
2025-11-07,5,200,13
2025-11-07,6,300,19
2025-11-07,7,350,22
2025-11-07,8,350,22
2025-11-07,9,350,21
2025-11-07,10,300,18
2025-11-07,11,250,18
2025-11-07,12,250,18
2025-11-07,13,350,22
2025-11-07,14,450,24
2025-11-07,15,450,25
2025-11-07,16,450,25
2025-11-07,17,430,25
2025-11-07,18,400,25
2025-11-07,19,350,23
2025-11-07,20,300,22
2025-11-07,21,300,21
2025-11-07,22,300,18
2025-11-07,23,180,13
2025-11-08,0,130,8
2025-11-08,1,80,7
2025-11-08,2,120,7
2025-11-08,3,105,6
2025-11-08,4,105,6
2025-11-08,5,160,9
2025-11-08,6,195,11
2025-11-08,7,230,12
2025-11-08,8,305,18
2025-11-08,9,375,21
2025-11-08,10,375,20
2025-11-08,11,375,20
2025-11-08,12,375,21
2025-11-08,13,375,23
2025-11-08,14,430,25
2025-11-08,15,450,26
2025-11-08,16,465,26
2025-11-08,17,465,27
2025-11-08,18,465,27
2025-11-08,19,465,27
2025-11-08,20,465,26
2025-11-08,21,400,26
2025-11-08,22,350,23
2025-11-08,23,250,16
2025-11-09,0,200,12
2025-11-09,1,150,9
2025-11-09,2,250,9
2025-11-09,3,150,7
2025-11-09,4,130,7
2025-11-09,5,130,8
2025-11-09,6,150,10
2025-11-09,7,200,13
2025-11-09,8,280,17
2025-11-09,9,400,24
2025-11-09,10,400,24
2025-11-09,11,400,24
2025-11-09,12,450,26
2025-11-09,13,500,28
2025-11-09,14,500,28
2025-11-09,15,500,28
2025-11-09,16,500,28
2025-11-09,17,500,28
2025-11-09,18,450,26
2025-11-09,19,400,26
2025-11-09,20,350,24
2025-11-09,21,350,23
2025-11-09,22,250,18
2025-11-09,23,200,15
2025-11-10,0,180,9
2025-11-10,1,80,6
2025-11-10,2,60,4
2025-11-10,3,60,4
2025-11-10,4,70,6
2025-11-10,5,200,12
2025-11-10,6,350,18
2025-11-10,7,420,22
2025-11-10,8,420,21
2025-11-10,9,420,21
2025-11-10,10,375,19
2025-11-10,11,340,18
2025-11-10,12,340,18
2025-11-10,13,400,23
2025-11-10,14,450,25
2025-11-10,15,450,25
2025-11-10,16,450,25
2025-11-10,17,450,25
2025-11-10,18,400,23
2025-11-10,19,350,19
2025-11-10,20,350,18
2025-11-10,21,350,18
2025-11-10,22,230,14
2025-11-10,23,130,9
2025-11-11,0,70,4
2025-11-11,1,50,3
2025-11-11,2,40,3
2025-11-11,3,40,3
2025-11-11,4,70,6
2025-11-11,5,200,12
2025-11-11,6,300,18
2025-11-11,7,350,21
2025-11-11,8,350,21
2025-11-11,9,350,21
2025-11-11,10,300,19
2025-11-11,11,250,18
2025-11-11,12,250,18
2025-11-11,13,350,23
2025-11-11,14,420,25
2025-11-11,15,420,25
2025-11-11,16,420,25
2025-11-11,17,420,25
2025-11-11,18,350,23
2025-11-11,19,280,19
2025-11-11,20,250,18
2025-11-11,21,280,18
2025-11-11,22,230,14
2025-11-11,23,130,9
2025-11-12,0,70,4
2025-11-12,1,50,3
2025-11-12,2,40,3
2025-11-12,3,40,3
2025-11-12,4,60,6
2025-11-12,5,200,12
2025-11-12,6,300,17
2025-11-12,7,350,20
2025-11-12,8,350,20
2025-11-12,9,350,20
2025-11-12,10,300,18
2025-11-12,11,250,18
2025-11-12,12,250,18
2025-11-12,13,350,22
2025-11-12,14,420,24
2025-11-12,15,420,24
2025-11-12,16,420,24
2025-11-12,17,420,24
2025-11-12,18,350,22
2025-11-12,19,280,18
2025-11-12,20,280,18
2025-11-12,21,250,18
2025-11-12,22,230,14
2025-11-12,23,130,8
2025-11-13,0,70,4
2025-11-13,1,50,3
2025-11-13,2,40,3
2025-11-13,3,40,3
2025-11-13,4,60,7
2025-11-13,5,200,13
2025-11-13,6,300,19
2025-11-13,7,350,22
2025-11-13,8,350,22
2025-11-13,9,350,21
2025-11-13,10,300,18
2025-11-13,11,250,18
2025-11-13,12,250,18
2025-11-13,13,350,22
2025-11-13,14,420,25
2025-11-13,15,420,25
2025-11-13,16,420,25
2025-11-13,17,420,25
2025-11-13,18,350,23
2025-11-13,19,280,18
2025-11-13,20,250,18
2025-11-13,21,280,18
2025-11-13,22,230,13
2025-11-13,23,130,8
2025-11-14,0,80,4
2025-11-14,1,60,4
2025-11-14,2,40,3
2025-11-14,3,40,3
2025-11-14,4,60,6
2025-11-14,5,200,13
2025-11-14,6,300,19
2025-11-14,7,350,22
2025-11-14,8,350,22
2025-11-14,9,350,21
2025-11-14,10,300,18
2025-11-14,11,250,18
2025-11-14,12,250,18
2025-11-14,13,350,22
2025-11-14,14,450,25
2025-11-14,15,450,25
2025-11-14,16,450,25
2025-11-14,17,430,25
2025-11-14,18,400,25
2025-11-14,19,350,23
2025-11-14,20,300,22
2025-11-14,21,300,21
2025-11-14,22,300,18
2025-11-14,23,180,14
2025-11-15,0,130,9
2025-11-15,1,80,7
2025-11-15,2,120,7
2025-11-15,3,105,6
2025-11-15,4,105,6
2025-11-15,5,160,9
2025-11-15,6,195,11
2025-11-15,7,230,12
2025-11-15,8,305,18
2025-11-15,9,375,21
2025-11-15,10,375,20
2025-11-15,11,375,20
2025-11-15,12,375,21
2025-11-15,13,375,23
2025-11-15,14,430,25
2025-11-15,15,450,26
2025-11-15,16,465,26
2025-11-15,17,465,27
2025-11-15,18,465,27
2025-11-15,19,465,27
2025-11-15,20,465,26
2025-11-15,21,400,26
2025-11-15,22,350,23
2025-11-15,23,250,16
2025-11-16,0,200,12
2025-11-16,1,150,9
2025-11-16,2,250,9
2025-11-16,3,150,7
2025-11-16,4,130,7
2025-11-16,5,130,8
2025-11-16,6,150,10
2025-11-16,7,200,13
2025-11-16,8,280,17
2025-11-16,9,400,24
2025-11-16,10,400,24
2025-11-16,11,400,25
2025-11-16,12,450,27
2025-11-16,13,500,28
2025-11-16,14,500,28
2025-11-16,15,500,28
2025-11-16,16,500,28
2025-11-16,17,500,28
2025-11-16,18,450,26
2025-11-16,19,400,26
2025-11-16,20,350,24
2025-11-16,21,350,23
2025-11-16,22,250,18
2025-11-16,23,200,15
2025-11-17,0,150,9
2025-11-17,1,60,6
2025-11-17,2,60,4
2025-11-17,3,50,4
2025-11-17,4,70,6
2025-11-17,5,150,12
2025-11-17,6,280,18
2025-11-17,7,350,21
2025-11-17,8,350,21
2025-11-17,9,350,21
2025-11-17,10,300,19
2025-11-17,11,250,18
2025-11-17,12,280,18
2025-11-17,13,350,23
2025-11-17,14,450,25
2025-11-17,15,450,25
2025-11-17,16,450,25
2025-11-17,17,420,25
2025-11-17,18,420,23
2025-11-17,19,300,19
2025-11-17,20,250,18
2025-11-17,21,250,18
2025-11-17,22,180,14
2025-11-17,23,130,9
2025-11-18,0,50,4
2025-11-18,1,50,3
2025-11-18,2,30,3
2025-11-18,3,30,3
2025-11-18,4,70,6
2025-11-18,5,150,12
2025-11-18,6,280,18
2025-11-18,7,350,21
2025-11-18,8,350,21
2025-11-18,9,350,21
2025-11-18,10,300,19
2025-11-18,11,250,18
2025-11-18,12,280,18
2025-11-18,13,350,23
2025-11-18,14,400,25
2025-11-18,15,400,25
2025-11-18,16,400,25
2025-11-18,17,400,25
2025-11-18,18,350,23
2025-11-18,19,300,19
2025-11-18,20,250,18
2025-11-18,21,250,18
2025-11-18,22,180,14
2025-11-18,23,130,9
2025-11-19,0,50,4
2025-11-19,1,50,3
2025-11-19,2,30,3
2025-11-19,3,30,3
2025-11-19,4,70,6
2025-11-19,5,150,11
2025-11-19,6,280,17
2025-11-19,7,350,20
2025-11-19,8,350,20
2025-11-19,9,350,20
2025-11-19,10,300,18
2025-11-19,11,250,18
2025-11-19,12,280,18
2025-11-19,13,350,22
2025-11-19,14,400,24
2025-11-19,15,400,24
2025-11-19,16,400,24
2025-11-19,17,400,24
2025-11-19,18,350,22
2025-11-19,19,300,18
2025-11-19,20,250,18
2025-11-19,21,250,18
2025-11-19,22,180,14
2025-11-19,23,130,8
2025-11-20,0,50,4
2025-11-20,1,50,3
2025-11-20,2,30,3
2025-11-20,3,30,3
2025-11-20,4,70,6
2025-11-20,5,150,11
2025-11-20,6,280,19
2025-11-20,7,350,21
2025-11-20,8,350,21
2025-11-20,9,350,20
2025-11-20,10,300,18
2025-11-20,11,250,18
2025-11-20,12,280,18
2025-11-20,13,350,22
2025-11-20,14,400,24
2025-11-20,15,400,24
2025-11-20,16,400,24
2025-11-20,17,400,24
2025-11-20,18,350,24
2025-11-20,19,300,19
2025-11-20,20,250,18
2025-11-20,21,250,18
2025-11-20,22,180,13
2025-11-20,23,130,8
2025-11-21,0,80,4
2025-11-21,1,60,4
2025-11-21,2,40,3
2025-11-21,3,40,3
2025-11-21,4,70,6
2025-11-21,5,150,11
2025-11-21,6,280,18
2025-11-21,7,350,20
2025-11-21,8,350,20
2025-11-21,9,350,20
2025-11-21,10,300,18
2025-11-21,11,250,18
2025-11-21,12,280,18
2025-11-21,13,350,22
2025-11-21,14,420,25
2025-11-21,15,420,25
2025-11-21,16,420,25
2025-11-21,17,420,25
2025-11-21,18,420,25
2025-11-21,19,350,23
2025-11-21,20,300,22
2025-11-21,21,300,21
2025-11-21,22,280,18
2025-11-21,23,180,14
2025-11-22,0,130,9
2025-11-22,1,80,7
2025-11-22,2,120,7
2025-11-22,3,105,6
2025-11-22,4,105,6
2025-11-22,5,160,9
2025-11-22,6,195,11
2025-11-22,7,230,12
2025-11-22,8,305,18
2025-11-22,9,375,21
2025-11-22,10,375,20
2025-11-22,11,375,20
2025-11-22,12,375,21
2025-11-22,13,375,23
2025-11-22,14,430,25
2025-11-22,15,450,26
2025-11-22,16,465,26
2025-11-22,17,465,27
2025-11-22,18,465,28
2025-11-22,19,465,28
2025-11-22,20,465,28
2025-11-22,21,400,27
2025-11-22,22,350,23
2025-11-22,23,250,16
2025-11-23,0,200,12
2025-11-23,1,150,9
2025-11-23,2,250,9
2025-11-23,3,150,7
2025-11-23,4,130,7
2025-11-23,5,130,8
2025-11-23,6,150,10
2025-11-23,7,200,13
2025-11-23,8,280,17
2025-11-23,9,400,24
2025-11-23,10,400,24
2025-11-23,11,400,24
2025-11-23,12,450,27
2025-11-23,13,500,28
2025-11-23,14,500,28
2025-11-23,15,500,28
2025-11-23,16,500,28
2025-11-23,17,500,28
2025-11-23,18,450,26
2025-11-23,19,400,26
2025-11-23,20,350,24
2025-11-23,21,350,23
2025-11-23,22,250,18
2025-11-23,23,200,15
2025-11-24,0,150,9
2025-11-24,1,60,6
2025-11-24,2,60,4
2025-11-24,3,50,4
2025-11-24,4,70,6
2025-11-24,5,150,12
2025-11-24,6,280,18
2025-11-24,7,350,21
2025-11-24,8,350,21
2025-11-24,9,350,21
2025-11-24,10,300,19
2025-11-24,11,250,18
2025-11-24,12,280,18
2025-11-24,13,350,23
2025-11-24,14,450,25
2025-11-24,15,450,25
2025-11-24,16,450,25
2025-11-24,17,420,25
2025-11-24,18,420,24
2025-11-24,19,300,19
2025-11-24,20,250,18
2025-11-24,21,250,18
2025-11-24,22,180,14
2025-11-24,23,130,9
2025-11-25,0,50,4
2025-11-25,1,50,3
2025-11-25,2,30,3
2025-11-25,3,30,3
2025-11-25,4,70,6
2025-11-25,5,150,12
2025-11-25,6,280,18
2025-11-25,7,350,21
2025-11-25,8,350,21
2025-11-25,9,350,21
2025-11-25,10,300,19
2025-11-25,11,250,18
2025-11-25,12,280,18
2025-11-25,13,350,23
2025-11-25,14,400,25
2025-11-25,15,400,25
2025-11-25,16,400,25
2025-11-25,17,400,25
2025-11-25,18,350,23
2025-11-25,19,300,19
2025-11-25,20,250,18
2025-11-25,21,250,18
2025-11-25,22,180,14
2025-11-25,23,130,9
2025-11-26,0,50,4
2025-11-26,1,50,3
2025-11-26,2,30,3
2025-11-26,3,30,3
2025-11-26,4,70,6
2025-11-26,5,150,11
2025-11-26,6,280,18
2025-11-26,7,350,21
2025-11-26,8,350,21
2025-11-26,9,350,21
2025-11-26,10,300,18
2025-11-26,11,250,18
2025-11-26,12,280,18
2025-11-26,13,350,22
2025-11-26,14,400,24
2025-11-26,15,400,24
2025-11-26,16,400,24
2025-11-26,17,400,24
2025-11-26,18,350,24
2025-11-26,19,300,19
2025-11-26,20,250,18
2025-11-26,21,250,18
2025-11-26,22,180,14
2025-11-26,23,130,9
2025-11-27,0,50,5
2025-11-27,1,50,3
2025-11-27,2,30,3
2025-11-27,3,30,3
2025-11-27,4,70,6
2025-11-27,5,150,9
2025-11-27,6,280,14
2025-11-27,7,350,18
2025-11-27,8,350,18
2025-11-27,9,350,18
2025-11-27,10,300,18
2025-11-27,11,250,19
2025-11-27,12,280,20
2025-11-27,13,350,23
2025-11-27,14,400,24
2025-11-27,15,400,24
2025-11-27,16,400,24
2025-11-27,17,400,24
2025-11-27,18,350,24
2025-11-27,19,300,22
2025-11-27,20,250,22
2025-11-27,21,250,21
2025-11-27,22,180,17
2025-11-27,23,130,11
2025-11-28,0,80,5
2025-11-28,1,60,5
2025-11-28,2,40,4
2025-11-28,3,40,4
2025-11-28,4,70,6
2025-11-28,5,150,10
2025-11-28,6,280,16
2025-11-28,7,350,18
2025-11-28,8,350,18
2025-11-28,9,350,18
2025-11-28,10,300,18
2025-11-28,11,250,18
2025-11-28,12,280,18
2025-11-28,13,350,23
2025-11-28,14,420,24
2025-11-28,15,420,24
2025-11-28,16,420,24
2025-11-28,17,420,24
2025-11-28,18,420,24
2025-11-28,19,350,21
2025-11-28,20,300,20
2025-11-28,21,300,20
2025-11-28,22,280,17
2025-11-28,23,180,12
2025-11-29,0,130,8
2025-11-29,1,80,7
2025-11-29,2,120,7
2025-11-29,3,105,6
2025-11-29,4,105,5
2025-11-29,5,160,8
2025-11-29,6,195,10
2025-11-29,7,230,11
2025-11-29,8,305,17
2025-11-29,9,375,21
2025-11-29,10,375,20
2025-11-29,11,375,20
2025-11-29,12,375,21
2025-11-29,13,375,23
2025-11-29,14,430,25
2025-11-29,15,450,26
2025-11-29,16,465,26
2025-11-29,17,465,27
2025-11-29,18,465,28
2025-11-29,19,465,28
2025-11-29,20,465,28
2025-11-29,21,400,27
2025-11-29,22,350,24
2025-11-29,23,250,16
2025-11-30,0,200,12
2025-11-30,1,150,9
2025-11-30,2,250,9
2025-11-30,3,150,7
2025-11-30,4,130,6
2025-11-30,5,130,7
2025-11-30,6,150,9
2025-11-30,7,200,12
2025-11-30,8,280,17
2025-11-30,9,400,24
2025-11-30,10,400,24
2025-11-30,11,400,23
2025-11-30,12,450,26
2025-11-30,13,500,27
2025-11-30,14,500,27
2025-11-30,15,500,28
2025-11-30,16,500,28
2025-11-30,17,500,28
2025-11-30,18,450,26
2025-11-30,19,400,26
2025-11-30,20,350,24
2025-11-30,21,350,23
2025-11-30,22,250,18
2025-11-30,23,200,15
2025-12-01,0,150,7
2025-12-01,1,60,6
2025-12-01,2,60,4
2025-12-01,3,50,4
2025-12-01,4,70,6
2025-12-01,5,150,12
2025-12-01,6,280,18
2025-12-01,7,350,21
2025-12-01,8,350,21
2025-12-01,9,350,21
2025-12-01,10,300,18
2025-12-01,11,250,18
2025-12-01,12,280,18
2025-12-01,13,350,23
2025-12-01,14,450,25
2025-12-01,15,450,25
2025-12-01,16,450,25
2025-12-01,17,420,25
2025-12-01,18,420,23
2025-12-01,19,300,19
2025-12-01,20,250,18
2025-12-01,21,250,18
2025-12-01,22,180,14
2025-12-01,23,130,9
2025-12-03,0,50,4
2025-12-03,1,50,3
2025-12-03,2,30,3
2025-12-03,3,30,3
2025-12-03,4,70,6
2025-12-03,5,150,11
2025-12-03,6,280,17
2025-12-03,7,350,21
2025-12-03,8,350,21
2025-12-03,9,350,21
2025-12-03,10,300,18
2025-12-03,11,250,18
2025-12-03,12,280,18
2025-12-03,13,350,22
2025-12-03,14,400,24
2025-12-03,15,400,24
2025-12-03,16,400,24
2025-12-03,17,400,24
2025-12-03,18,350,23
2025-12-03,19,300,19
2025-12-03,20,250,18
2025-12-03,21,250,18
2025-12-03,22,180,14
2025-12-03,23,130,8
2025-12-04,0,50,4
2025-12-04,1,50,3
2025-12-04,2,30,3
2025-12-04,3,30,3
2025-12-04,4,70,6
2025-12-04,5,150,11
2025-12-04,6,280,17
2025-12-04,7,350,21
2025-12-04,8,350,21
2025-12-04,9,350,20
2025-12-04,10,300,18
2025-12-04,11,250,18
2025-12-04,12,280,18
2025-12-04,13,350,22
2025-12-04,14,400,24
2025-12-04,15,400,24
2025-12-04,16,400,24
2025-12-04,17,400,23
2025-12-04,18,350,22
2025-12-04,19,300,17
2025-12-04,20,250,17
2025-12-04,21,250,17
2025-12-04,22,180,13
2025-12-04,23,130,8
2025-12-05,0,80,4
2025-12-05,1,60,3
2025-12-05,2,40,3
2025-12-05,3,40,3
2025-12-05,4,70,6
2025-12-05,5,150,11
2025-12-05,6,280,17
2025-12-05,7,350,21
2025-12-05,8,350,21
2025-12-05,9,350,20
2025-12-05,10,300,18
2025-12-05,11,250,18
2025-12-05,12,280,18
2025-12-05,13,350,22
2025-12-05,14,420,24
2025-12-05,15,420,25
2025-12-05,16,420,25
2025-12-05,17,420,25
2025-12-05,18,420,25
2025-12-05,19,350,22
2025-12-05,20,300,20
2025-12-05,21,300,20
2025-12-05,22,280,17
2025-12-05,23,180,12
2025-12-06,0,130,8
2025-12-06,1,80,6
2025-12-06,2,120,6
2025-12-06,3,105,6
2025-12-06,4,105,6
2025-12-06,5,160,9
2025-12-06,6,195,11
2025-12-06,7,230,12
2025-12-06,8,305,17
2025-12-06,9,375,21
2025-12-06,10,375,19
2025-12-06,11,375,19
2025-12-06,12,375,19
2025-12-06,13,375,23
2025-12-06,14,430,24
2025-12-06,15,450,25
2025-12-06,16,465,26
2025-12-06,17,465,26
2025-12-06,18,465,26
2025-12-06,19,465,26
2025-12-06,20,465,26
2025-12-06,21,400,25
2025-12-06,22,350,21
2025-12-06,23,250,15
2025-12-07,0,200,11
2025-12-07,1,150,8
2025-12-07,2,250,8
2025-12-07,3,150,7
2025-12-07,4,130,7
2025-12-07,5,130,8
2025-12-07,6,150,10
2025-12-07,7,200,13
2025-12-07,8,280,17
2025-12-07,9,400,24
2025-12-07,10,400,24
2025-12-07,11,400,24
2025-12-07,12,450,27
2025-12-07,13,500,28
2025-12-07,14,500,28
2025-12-07,15,500,28
2025-12-07,16,500,28
2025-12-07,17,500,28
2025-12-07,18,450,27
2025-12-07,19,400,25
2025-12-07,20,350,23
2025-12-07,21,350,21
2025-12-07,22,250,16
2025-12-07,23,200,12
2025-12-08,0,150,6
2025-12-08,1,60,5
2025-12-08,2,60,4
2025-12-08,3,50,4
2025-12-08,4,70,6
2025-12-08,5,150,12
2025-12-08,6,280,18
2025-12-08,7,350,21
2025-12-08,8,350,21
2025-12-08,9,350,21
2025-12-08,10,300,18
2025-12-08,11,250,18
2025-12-08,12,280,18
2025-12-08,13,350,23
2025-12-08,14,450,25
2025-12-08,15,450,25
2025-12-08,16,450,25
2025-12-08,17,420,25
2025-12-08,18,420,23
2025-12-08,19,300,19
2025-12-08,20,250,18
2025-12-08,21,250,18
2025-12-08,22,180,14
2025-12-08,23,130,9
2025-12-10,0,50,4
2025-12-10,1,50,3
2025-12-10,2,30,3
2025-12-10,3,30,3
2025-12-10,4,70,6
2025-12-10,5,150,11
2025-12-10,6,280,17
2025-12-10,7,350,21
2025-12-10,8,350,21
2025-12-10,9,350,20
2025-12-10,10,300,18
2025-12-10,11,250,18
2025-12-10,12,280,18
2025-12-10,13,350,23
2025-12-10,14,400,25
2025-12-10,15,400,25
2025-12-10,16,400,25
2025-12-10,17,400,25
2025-12-10,18,350,23
2025-12-10,19,300,18
2025-12-10,20,250,18
2025-12-10,21,250,18
2025-12-10,22,180,13
2025-12-10,23,130,8
2025-12-11,0,50,4
2025-12-11,1,50,3
2025-12-11,2,30,3
2025-12-11,3,30,3
2025-12-11,4,70,6
2025-12-11,5,150,11
2025-12-11,6,280,17
2025-12-11,7,350,21
2025-12-11,8,350,21
2025-12-11,9,350,20
2025-12-11,10,300,18
2025-12-11,11,250,18
2025-12-11,12,280,18
2025-12-11,13,350,23
2025-12-11,14,400,25
2025-12-11,15,400,25
2025-12-11,16,400,25
2025-12-11,17,400,25
2025-12-11,18,350,23
2025-12-11,19,300,18
2025-12-11,20,250,18
2025-12-11,21,250,18
2025-12-11,22,180,14
2025-12-11,23,130,8
2025-12-12,0,80,4
2025-12-12,1,60,3
2025-12-12,2,40,3
2025-12-12,3,40,3
2025-12-12,4,70,6
2025-12-12,5,150,11
2025-12-12,6,280,18
2025-12-12,7,350,21
2025-12-12,8,350,21
2025-12-12,9,350,21
2025-12-12,10,300,18
2025-12-12,11,250,18
2025-12-12,12,280,18
2025-12-12,13,350,23
2025-12-12,14,420,25
2025-12-12,15,420,25
2025-12-12,16,420,25
2025-12-12,17,420,25
2025-12-12,18,420,25
2025-12-12,19,350,22
2025-12-12,20,300,19
2025-12-12,21,300,19
2025-12-12,22,280,17
2025-12-12,23,180,12
2025-12-13,0,130,9
2025-12-13,1,80,6
2025-12-13,2,80,6
2025-12-13,3,80,6
2025-12-13,4,105,6
2025-12-13,5,160,10
2025-12-13,6,195,11
2025-12-13,7,230,12
2025-12-13,8,300,17
2025-12-13,9,350,21
2025-12-13,10,300,20
2025-12-13,11,300,20
2025-12-13,12,300,20
2025-12-13,13,350,23
2025-12-13,14,350,23
2025-12-13,15,350,25
2025-12-13,16,465,26
2025-12-13,17,465,26
2025-12-13,18,465,26
2025-12-13,19,465,24
2025-12-13,20,465,24
2025-12-13,21,400,24
2025-12-13,22,350,22
2025-12-13,23,250,15
2025-12-14,0,200,11
2025-12-14,1,150,8
2025-12-14,2,250,8
2025-12-14,3,150,7
2025-12-14,4,130,6
2025-12-14,5,130,8
2025-12-14,6,150,10
2025-12-14,7,200,13
2025-12-14,8,280,17
2025-12-14,9,400,24
2025-12-14,10,400,24
2025-12-14,11,400,24
2025-12-14,12,450,27
2025-12-14,13,500,28
2025-12-14,14,500,28
2025-12-14,15,500,28
2025-12-14,16,500,28
2025-12-14,17,500,28
2025-12-14,18,450,27
2025-12-14,19,400,24
2025-12-14,20,350,23
2025-12-14,21,350,21
2025-12-14,22,250,16
2025-12-14,23,200,12
2025-12-15,0,150,6
2025-12-15,1,60,5
2025-12-15,2,60,4
2025-12-15,3,50,4
2025-12-15,4,70,6
2025-12-15,5,150,12
2025-12-15,6,280,18
2025-12-15,7,350,21
2025-12-15,8,350,21
2025-12-15,9,350,21
2025-12-15,10,300,18
2025-12-15,11,250,18
2025-12-15,12,280,18
2025-12-15,13,350,23
2025-12-15,14,450,25
2025-12-15,15,450,25
2025-12-15,16,450,25
2025-12-15,17,420,25
2025-12-15,18,420,23
2025-12-15,19,300,19
2025-12-15,20,250,18
2025-12-15,21,250,18
2025-12-15,22,180,14
2025-12-15,23,130,9
2025-12-17,0,50,4
2025-12-17,1,50,3
2025-12-17,2,30,3
2025-12-17,3,30,3
2025-12-17,4,70,6
2025-12-17,5,150,11
2025-12-17,6,280,17
2025-12-17,7,350,21
2025-12-17,8,350,21
2025-12-17,9,350,20
2025-12-17,10,300,18
2025-12-17,11,250,18
2025-12-17,12,280,18
2025-12-17,13,350,23
2025-12-17,14,400,25
2025-12-17,15,400,25
2025-12-17,16,400,25
2025-12-17,17,400,25
2025-12-17,18,350,23
2025-12-17,19,300,18
2025-12-17,20,250,18
2025-12-17,21,250,18
2025-12-17,22,180,14
2025-12-17,23,130,9
2025-12-18,0,50,4
2025-12-18,1,50,3
2025-12-18,2,30,3
2025-12-18,3,30,3
2025-12-18,4,70,6
2025-12-18,5,150,11
2025-12-18,6,280,17
2025-12-18,7,350,20
2025-12-18,8,350,20
2025-12-18,9,350,19
2025-12-18,10,300,17
2025-12-18,11,250,17
2025-12-18,12,280,18
2025-12-18,13,350,23
2025-12-18,14,400,25
2025-12-18,15,400,25
2025-12-18,16,400,24
2025-12-18,17,400,24
2025-12-18,18,350,22
2025-12-18,19,300,17
2025-12-18,20,250,17
2025-12-18,21,250,17
2025-12-18,22,180,14
2025-12-18,23,130,8
2025-12-19,0,80,4
2025-12-19,1,60,3
2025-12-19,2,40,3
2025-12-19,3,40,3
2025-12-19,4,70,6
2025-12-19,5,150,11
2025-12-19,6,280,18
2025-12-19,7,350,21
2025-12-19,8,350,21
2025-12-19,9,350,21
2025-12-19,10,300,18
2025-12-19,11,250,18
2025-12-19,12,280,19
2025-12-19,13,350,23
2025-12-19,14,420,25
2025-12-19,15,420,25
2025-12-19,16,420,25
2025-12-19,17,420,25
2025-12-19,18,420,25
2025-12-19,19,350,22
2025-12-19,20,300,19
2025-12-19,21,300,19
2025-12-19,22,280,17
2025-12-19,23,180,13
2025-12-20,0,130,9
2025-12-20,1,80,6
2025-12-20,2,80,6
2025-12-20,3,80,6
2025-12-20,4,105,6
2025-12-20,5,160,10
2025-12-20,6,195,11
2025-12-20,7,230,12
2025-12-20,8,300,17
2025-12-20,9,350,21
2025-12-20,10,300,20
2025-12-20,11,300,20
2025-12-20,12,300,20
2025-12-20,13,350,23
2025-12-20,14,350,23
2025-12-20,15,350,24
2025-12-20,16,465,26
2025-12-20,17,465,26
2025-12-20,18,465,26
2025-12-20,19,465,26
2025-12-20,20,465,26
2025-12-20,21,400,26
2025-12-20,22,350,24
2025-12-20,23,250,16
2025-12-21,0,200,12
2025-12-21,1,150,9
2025-12-21,2,250,9
2025-12-21,3,150,7
2025-12-21,4,130,5
2025-12-21,5,130,7
2025-12-21,6,150,10
2025-12-21,7,200,13
2025-12-21,8,280,17
2025-12-21,9,400,25
2025-12-21,10,400,24
2025-12-21,11,400,25
2025-12-21,12,450,27
2025-12-21,13,500,28
2025-12-21,14,500,28
2025-12-21,15,500,28
2025-12-21,16,500,28
2025-12-21,17,500,28
2025-12-21,18,450,27
2025-12-21,19,400,24
2025-12-21,20,350,21
2025-12-21,21,350,20
2025-12-21,22,250,15
2025-12-21,23,200,12
2025-12-22,0,150,7
2025-12-22,1,60,5
2025-12-22,2,60,4
2025-12-22,3,50,4
2025-12-22,4,70,6
2025-12-22,5,150,11
2025-12-22,6,280,17
2025-12-22,7,350,19
2025-12-22,8,350,19
2025-12-22,9,350,19
2025-12-22,10,300,18
2025-12-22,11,250,18
2025-12-22,12,280,18
2025-12-22,13,350,23
2025-12-22,14,450,24
2025-12-22,15,450,25
2025-12-22,16,450,25
2025-12-22,17,420,25
2025-12-22,18,420,23
2025-12-22,19,300,19
2025-12-22,20,250,18
2025-12-22,21,250,18
2025-12-22,22,180,14
2025-12-22,23,130,9
2025-12-24,0,50,5
2025-12-24,1,50,4
2025-12-24,2,30,3
2025-12-24,3,30,3
2025-12-24,4,70,5
2025-12-24,5,150,9
2025-12-24,6,280,14
2025-12-24,7,350,17
2025-12-24,8,350,18
2025-12-24,9,350,18
2025-12-24,10,300,18
2025-12-24,11,250,18
2025-12-24,12,280,20
2025-12-24,13,350,22
2025-12-24,14,400,23
2025-12-24,15,400,24
2025-12-24,16,400,25
2025-12-24,17,400,26
2025-12-24,18,350,26
2025-12-24,19,300,26
2025-12-24,20,250,26
2025-12-24,21,250,25
2025-12-24,22,180,22
2025-12-24,23,130,16
2025-12-25,0,150,9
2025-12-25,1,100,9
2025-12-25,2,80,7
2025-12-25,3,70,5
2025-12-25,4,70,5
2025-12-25,5,100,8
2025-12-25,6,100,9
2025-12-25,7,150,12
2025-12-25,8,200,14
2025-12-25,9,200,14
2025-12-25,10,250,15
2025-12-25,11,250,16
2025-12-25,12,250,16
2025-12-25,13,250,16
2025-12-25,14,250,18
2025-12-25,15,250,18
2025-12-25,16,280,18
2025-12-25,17,300,18
2025-12-25,18,300,18
2025-12-25,19,300,17
2025-12-25,20,250,17
2025-12-25,21,250,16
2025-12-25,22,160,14
2025-12-25,23,150,9
2025-12-26,0,120,6
2025-12-26,1,100,5
2025-12-26,2,60,4
2025-12-26,3,40,3
2025-12-26,4,70,4
2025-12-26,5,150,9
2025-12-26,6,280,14
2025-12-26,7,350,17
2025-12-26,8,350,18
2025-12-26,9,350,18
2025-12-26,10,300,18
2025-12-26,11,250,18
2025-12-26,12,280,18
2025-12-26,13,350,21
2025-12-26,14,420,23
2025-12-26,15,420,23
2025-12-26,16,420,23
2025-12-26,17,420,23
2025-12-26,18,420,23
2025-12-26,19,350,19
2025-12-26,20,300,19
2025-12-26,21,300,19
2025-12-26,22,280,17
2025-12-26,23,180,12
2025-12-27,0,130,8
2025-12-27,1,80,6
2025-12-27,2,80,6
2025-12-27,3,80,5
2025-12-27,4,105,5
2025-12-27,5,160,10
2025-12-27,6,195,11
2025-12-27,7,230,12
2025-12-27,8,300,17
2025-12-27,9,350,18
2025-12-27,10,300,18
2025-12-27,11,300,18
2025-12-27,12,300,18
2025-12-27,13,350,20
2025-12-27,14,350,22
2025-12-27,15,350,23
2025-12-27,16,465,23
2025-12-27,17,465,23
2025-12-27,18,465,23
2025-12-27,19,465,23
2025-12-27,20,465,23
2025-12-27,21,400,21
2025-12-27,22,350,17
2025-12-27,23,250,12
2025-12-28,0,170,10
2025-12-28,1,150,8
2025-12-28,2,170,8
2025-12-28,3,90,6
2025-12-28,4,100,6
2025-12-28,5,80,7
2025-12-28,6,120,8
2025-12-28,7,200,12
2025-12-28,8,280,17
2025-12-28,9,380,22
2025-12-28,10,380,22
2025-12-28,11,350,22
2025-12-28,12,400,23
2025-12-28,13,450,25
2025-12-28,14,450,25
2025-12-28,15,450,26
2025-12-28,16,500,25
2025-12-28,17,500,25
2025-12-28,18,500,24
2025-12-28,19,380,21
2025-12-28,20,320,18
2025-12-28,21,280,17
2025-12-28,22,250,14
2025-12-28,23,170,10
2025-12-29,0,150,7
2025-12-29,1,60,5
2025-12-29,2,60,4
2025-12-29,3,50,4
2025-12-29,4,70,6
2025-12-29,5,150,11
2025-12-29,6,280,17
2025-12-29,7,350,19
2025-12-29,8,350,19
2025-12-29,9,350,19
2025-12-29,10,300,18
2025-12-29,11,250,17
2025-12-29,12,280,18
2025-12-29,13,350,22
2025-12-29,14,450,24
2025-12-29,15,450,25
2025-12-29,16,450,25
2025-12-29,17,420,24
2025-12-29,18,420,22
2025-12-29,19,300,18
2025-12-29,20,250,17
2025-12-29,21,250,17
2025-12-29,22,180,14
2025-12-29,23,130,9
2025-12-31,0,50,5
2025-12-31,1,50,4
2025-12-31,2,30,3
2025-12-31,3,30,3
2025-12-31,4,70,5
2025-12-31,5,150,9
2025-12-31,6,280,13
2025-12-31,7,350,16
2025-12-31,8,350,17
2025-12-31,9,350,17
2025-12-31,10,300,17
2025-12-31,11,250,17
2025-12-31,12,280,17
2025-12-31,13,350,18
2025-12-31,14,400,21
2025-12-31,15,400,23
2025-12-31,16,400,24
2025-12-31,17,400,25
2025-12-31,18,350,26
2025-12-31,19,300,26
2025-12-31,20,250,26
2025-12-31,21,250,25
2025-12-31,22,180,19
2025-12-31,23,130,14
2026-01-01,0,150,9
2026-01-01,1,100,8
2026-01-01,2,80,6
2026-01-01,3,70,4
2026-01-01,4,70,4
2026-01-01,5,100,6
2026-01-01,6,100,7
2026-01-01,7,150,10
2026-01-01,8,200,12
2026-01-01,9,200,12
2026-01-01,10,250,13
2026-01-01,11,250,14
2026-01-01,12,250,14
2026-01-01,13,250,15
2026-01-01,14,250,16
2026-01-01,15,250,17
2026-01-01,16,280,17
2026-01-01,17,300,17
2026-01-01,18,300,17
2026-01-01,19,300,16
2026-01-01,20,250,16
2026-01-01,21,250,14
2026-01-01,22,160,13
2026-01-01,23,150,8
2026-01-02,0,120,5
2026-01-02,1,100,4
2026-01-02,2,60,3
2026-01-02,3,40,3
2026-01-02,4,70,4
2026-01-02,5,150,9
2026-01-02,6,280,13
2026-01-02,7,350,16
2026-01-02,8,350,16
2026-01-02,9,350,16
2026-01-02,10,300,16
2026-01-02,11,250,16
2026-01-02,12,280,16
2026-01-02,13,350,17
2026-01-02,14,420,17
2026-01-02,15,420,18
2026-01-02,16,420,19
2026-01-02,17,420,19
2026-01-02,18,420,19
2026-01-02,19,350,16
2026-01-02,20,300,16
2026-01-02,21,300,16
2026-01-02,22,280,13
2026-01-02,23,180,11
2026-01-03,0,130,7
2026-01-03,1,80,5
2026-01-03,2,80,5
2026-01-03,3,80,4
2026-01-03,4,105,4
2026-01-03,5,160,9
2026-01-03,6,195,10
2026-01-03,7,230,11
2026-01-03,8,300,17
2026-01-03,9,350,17
2026-01-03,10,300,17
2026-01-03,11,300,17
2026-01-03,12,300,17
2026-01-03,13,350,17
2026-01-03,14,350,19
2026-01-03,15,350,19
2026-01-03,16,465,20
2026-01-03,17,465,20
2026-01-03,18,465,20
2026-01-03,19,465,20
2026-01-03,20,465,20
2026-01-03,21,400,20
2026-01-03,22,350,16
2026-01-03,23,250,11
2026-01-04,0,170,9
2026-01-04,1,150,7
2026-01-04,2,170,7
2026-01-04,3,90,5
2026-01-04,4,100,5
2026-01-04,5,80,7
2026-01-04,6,120,8
2026-01-04,7,200,10
2026-01-04,8,280,16
2026-01-04,9,380,20
2026-01-04,10,380,20
2026-01-04,11,350,22
2026-01-04,12,400,24
2026-01-04,13,450,24
2026-01-04,14,450,24
2026-01-04,15,450,24
2026-01-04,16,500,24
2026-01-04,17,500,24
2026-01-04,18,500,23
2026-01-04,19,380,20
2026-01-04,20,320,17
2026-01-04,21,280,17
2026-01-04,22,250,14
2026-01-04,23,170,11
2026-01-05,0,150,5
2026-01-05,1,60,4
2026-01-05,2,60,3
2026-01-05,3,50,3
2026-01-05,4,70,6
2026-01-05,5,150,11
2026-01-05,6,280,17
2026-01-05,7,350,19
2026-01-05,8,350,19
2026-01-05,9,350,19
2026-01-05,10,300,18
2026-01-05,11,250,17
2026-01-05,12,280,18
2026-01-05,13,350,23
2026-01-05,14,450,25
2026-01-05,15,450,25
2026-01-05,16,450,25
2026-01-05,17,420,25
2026-01-05,18,420,23
2026-01-05,19,300,19
2026-01-05,20,250,19
2026-01-05,21,250,18
2026-01-05,22,180,15
2026-01-05,23,130,9
2026-01-07,0,50,4
2026-01-07,1,50,3
2026-01-07,2,30,3
2026-01-07,3,30,3
2026-01-07,4,70,6
2026-01-07,5,150,11
2026-01-07,6,280,16
2026-01-07,7,350,18
2026-01-07,8,350,18
2026-01-07,9,350,18
2026-01-07,10,300,17
2026-01-07,11,250,17
2026-01-07,12,280,18
2026-01-07,13,350,23
2026-01-07,14,400,24
2026-01-07,15,400,24
2026-01-07,16,400,24
2026-01-07,17,400,24
2026-01-07,18,350,23
2026-01-07,19,300,18
2026-01-07,20,250,18
2026-01-07,21,250,18
2026-01-07,22,180,13
2026-01-07,23,130,8
2026-01-08,0,50,4
2026-01-08,1,50,3
2026-01-08,2,30,3
2026-01-08,3,30,3
2026-01-08,4,70,6
2026-01-08,5,150,11
2026-01-08,6,280,16
2026-01-08,7,350,18
2026-01-08,8,350,18
2026-01-08,9,350,18
2026-01-08,10,300,17
2026-01-08,11,250,17
2026-01-08,12,280,18
2026-01-08,13,350,23
2026-01-08,14,400,24
2026-01-08,15,400,24
2026-01-08,16,400,24
2026-01-08,17,400,24
2026-01-08,18,350,23
2026-01-08,19,300,18
2026-01-08,20,250,18
2026-01-08,21,250,18
2026-01-08,22,180,13
2026-01-08,23,130,8
2026-01-09,0,60,4
2026-01-09,1,50,3
2026-01-09,2,40,3
2026-01-09,3,40,3
2026-01-09,4,70,6
2026-01-09,5,150,11
2026-01-09,6,280,17
2026-01-09,7,350,19
2026-01-09,8,350,19
2026-01-09,9,350,19
2026-01-09,10,300,18
2026-01-09,11,250,17
2026-01-09,12,280,18
2026-01-09,13,350,23
2026-01-09,14,420,25
2026-01-09,15,420,25
2026-01-09,16,420,25
2026-01-09,17,420,25
2026-01-09,18,420,24
2026-01-09,19,350,21
2026-01-09,20,300,20
2026-01-09,21,300,19
2026-01-09,22,280,17
2026-01-09,23,180,12
2026-01-10,0,130,8
2026-01-10,1,80,7
2026-01-10,2,80,6
2026-01-10,3,80,5
2026-01-10,4,105,5
2026-01-10,5,160,10
2026-01-10,6,195,14
2026-01-10,7,230,17
2026-01-10,8,300,18
2026-01-10,9,350,19
2026-01-10,10,300,19
2026-01-10,11,300,19
2026-01-10,12,300,19
2026-01-10,13,350,22
2026-01-10,14,350,24
2026-01-10,15,350,24
2026-01-10,16,465,25
2026-01-10,17,465,25
2026-01-10,18,465,26
2026-01-10,19,465,26
2026-01-10,20,465,26
2026-01-10,21,400,25
2026-01-10,22,350,22
2026-01-10,23,250,15
2026-01-12,0,150,6
2026-01-12,1,60,4
2026-01-12,2,60,4
2026-01-12,3,50,4
2026-01-12,4,70,6
2026-01-12,5,150,11
2026-01-12,6,280,17
2026-01-12,7,350,19
2026-01-12,8,350,19
2026-01-12,9,350,19
2026-01-12,10,300,18
2026-01-12,11,250,17
2026-01-12,12,280,18
2026-01-12,13,350,23
2026-01-12,14,450,25
2026-01-12,15,450,25
2026-01-12,16,450,25
2026-01-12,17,420,25
2026-01-12,18,420,23
2026-01-12,19,300,19
2026-01-12,20,250,18
2026-01-12,21,250,18
2026-01-12,22,180,13
2026-01-12,23,130,8
2026-01-14,0,50,4
2026-01-14,1,50,3
2026-01-14,2,30,3
2026-01-14,3,30,3
2026-01-14,4,70,6
2026-01-14,5,150,11
2026-01-14,6,280,16
2026-01-14,7,350,18
2026-01-14,8,350,18
2026-01-14,9,350,18
2026-01-14,10,300,17
2026-01-14,11,250,17
2026-01-14,12,280,18
2026-01-14,13,350,23
2026-01-14,14,400,23
2026-01-14,15,400,24
2026-01-14,16,400,24
2026-01-14,17,400,24
2026-01-14,18,350,22
2026-01-14,19,300,18
2026-01-14,20,250,17
2026-01-14,21,250,17
2026-01-14,22,180,13
2026-01-14,23,130,8
2026-01-15,0,50,4
2026-01-15,1,50,3
2026-01-15,2,30,3
2026-01-15,3,30,3
2026-01-15,4,70,6
2026-01-15,5,150,11
2026-01-15,6,280,16
2026-01-15,7,350,18
2026-01-15,8,350,18
2026-01-15,9,350,18
2026-01-15,10,300,17
2026-01-15,11,250,17
2026-01-15,12,280,18
2026-01-15,13,350,23
2026-01-15,14,400,23
2026-01-15,15,400,24
2026-01-15,16,400,24
2026-01-15,17,400,23
2026-01-15,18,350,22
2026-01-15,19,300,18
2026-01-15,20,250,17
2026-01-15,21,250,17
2026-01-15,22,180,13
2026-01-15,23,130,8
2026-01-16,0,120,4
2026-01-16,1,100,3
2026-01-16,2,60,3
2026-01-16,3,40,3
2026-01-16,4,70,6
2026-01-16,5,150,11
2026-01-16,6,280,17
2026-01-16,7,350,19
2026-01-16,8,350,19
2026-01-16,9,350,19
2026-01-16,10,300,17
2026-01-16,11,250,17
2026-01-16,12,280,18
2026-01-16,13,350,23
2026-01-16,14,420,24
2026-01-16,15,420,24
2026-01-16,16,420,25
2026-01-16,17,420,25
2026-01-16,18,420,24
2026-01-16,19,350,20
2026-01-16,20,300,19
2026-01-16,21,300,19
2026-01-16,22,280,17
2026-01-16,23,180,12
2026-01-17,0,130,8
2026-01-17,1,80,7
2026-01-17,2,80,6
2026-01-17,3,80,5
2026-01-17,4,105,5
2026-01-17,5,160,10
2026-01-17,6,195,14
2026-01-17,7,230,17
2026-01-17,8,300,18
2026-01-17,9,350,19
2026-01-17,10,300,19
2026-01-17,11,300,19
2026-01-17,12,300,19
2026-01-17,13,350,22
2026-01-17,14,350,24
2026-01-17,15,350,24
2026-01-17,16,465,25
2026-01-17,17,465,25
2026-01-17,18,465,25
2026-01-17,19,465,25
2026-01-17,20,465,25
2026-01-17,21,400,24
2026-01-17,22,350,21
2026-01-17,23,250,15
2026-01-19,0,100,6
2026-01-19,1,60,4
2026-01-19,2,60,4
2026-01-19,3,50,4
2026-01-19,4,60,5
2026-01-19,5,150,10
2026-01-19,6,250,15
2026-01-19,7,350,18
2026-01-19,8,350,18
2026-01-19,9,350,18
2026-01-19,10,250,17
2026-01-19,11,230,16
2026-01-19,12,250,17
2026-01-19,13,300,22
2026-01-19,14,400,24
2026-01-19,15,400,24
2026-01-19,16,400,24
2026-01-19,17,350,24
2026-01-19,18,350,24
2026-01-19,19,250,19
2026-01-19,20,230,17
2026-01-19,21,230,17
2026-01-19,22,160,11
2026-01-19,23,100,7
2026-01-21,0,60,3
2026-01-21,1,50,3
2026-01-21,2,30,2
2026-01-21,3,30,2
2026-01-21,4,60,6
2026-01-21,5,150,11
2026-01-21,6,250,17
2026-01-21,7,350,19
2026-01-21,8,350,19
2026-01-21,9,350,19
2026-01-21,10,250,17
2026-01-21,11,230,16
2026-01-21,12,250,17
2026-01-21,13,300,21
2026-01-21,14,350,23
2026-01-21,15,350,23
2026-01-21,16,350,23
2026-01-21,17,350,23
2026-01-21,18,300,21
2026-01-21,19,250,17
2026-01-21,20,230,16
2026-01-21,21,230,16
2026-01-21,22,160,11
2026-01-21,23,100,7
2026-01-22,0,60,3
2026-01-22,1,50,3
2026-01-22,2,30,2
2026-01-22,3,30,2
2026-01-22,4,60,5
2026-01-22,5,150,11
2026-01-22,6,250,17
2026-01-22,7,350,19
2026-01-22,8,350,19
2026-01-22,9,350,19
2026-01-22,10,250,17
2026-01-22,11,230,16
2026-01-22,12,250,17
2026-01-22,13,300,21
2026-01-22,14,350,23
2026-01-22,15,350,23
2026-01-22,16,350,23
2026-01-22,17,350,23
2026-01-22,18,300,20
2026-01-22,19,250,17
2026-01-22,20,230,16
2026-01-22,21,230,16
2026-01-22,22,160,11
2026-01-22,23,100,8
2026-01-23,0,70,4
2026-01-23,1,50,3
2026-01-23,2,30,2
2026-01-23,3,30,2
2026-01-23,4,60,6
2026-01-23,5,150,11
2026-01-23,6,250,17
2026-01-23,7,350,19
2026-01-23,8,350,19
2026-01-23,9,350,19
2026-01-23,10,250,17
2026-01-23,11,230,16
2026-01-23,12,250,17
2026-01-23,13,300,21
2026-01-23,14,350,24
2026-01-23,15,350,24
2026-01-23,16,350,24
2026-01-23,17,350,24
2026-01-23,18,350,24
2026-01-23,19,350,20
2026-01-23,20,250,18
2026-01-23,21,250,18
2026-01-23,22,250,16
2026-01-23,23,180,11
2026-01-24,0,100,7
2026-01-24,1,70,6
2026-01-24,2,60,5
2026-01-24,3,50,5
2026-01-24,4,60,5
2026-01-24,5,100,9
2026-01-24,6,150,11
2026-01-24,7,200,14
2026-01-24,8,300,18
2026-01-24,9,350,20
2026-01-24,10,300,19
2026-01-24,11,300,18
2026-01-24,12,300,18
2026-01-24,13,350,21
2026-01-24,14,300,23
2026-01-24,15,350,24
2026-01-24,16,350,24
2026-01-24,17,400,24
2026-01-24,18,400,24
2026-01-24,19,400,24
2026-01-24,20,350,23
2026-01-24,21,300,22
2026-01-24,22,300,19
2026-01-24,23,200,14
2026-01-26,0,100,6
2026-01-26,1,60,4
2026-01-26,2,60,3
2026-01-26,3,50,3
2026-01-26,4,60,6
2026-01-26,5,150,11
2026-01-26,6,250,17
2026-01-26,7,350,19
2026-01-26,8,350,20
2026-01-26,9,350,19
2026-01-26,10,250,17
2026-01-26,11,230,16
2026-01-26,12,250,17
2026-01-26,13,300,21
2026-01-26,14,400,24
2026-01-26,15,400,24
2026-01-26,16,400,24
2026-01-26,17,350,24
2026-01-26,18,350,24
2026-01-26,19,250,18
2026-01-26,20,230,17
2026-01-26,21,230,17
2026-01-26,22,160,11
2026-01-26,23,100,8
2026-01-27,0,60,3
2026-01-27,1,50,3
2026-01-27,2,30,2
2026-01-27,3,30,2
2026-01-27,4,60,6
2026-01-27,5,150,11
2026-01-27,6,250,17
2026-01-27,7,350,19
2026-01-27,8,350,20
2026-01-27,9,350,19
2026-01-27,10,250,17
2026-01-27,11,230,16
2026-01-27,12,250,17
2026-01-27,13,300,20
2026-01-27,14,350,23
2026-01-27,15,350,23
2026-01-27,16,350,23
2026-01-27,17,350,23
2026-01-27,18,300,21
2026-01-27,19,250,17
2026-01-27,20,230,16
2026-01-27,21,230,16
2026-01-27,22,160,11
2026-01-27,23,100,7
2026-01-28,0,60,3
2026-01-28,1,50,3
2026-01-28,2,30,2
2026-01-28,3,30,2
2026-01-28,4,60,6
2026-01-28,5,150,11
2026-01-28,6,250,17
2026-01-28,7,350,20
2026-01-28,8,350,19
2026-01-28,9,350,19
2026-01-28,10,250,17
2026-01-28,11,230,17
2026-01-28,12,250,18
2026-01-28,13,300,21
2026-01-28,14,350,23
2026-01-28,15,350,23
2026-01-28,16,350,23
2026-01-28,17,350,23
2026-01-28,18,300,20
2026-01-28,19,250,18
2026-01-28,20,230,16
2026-01-28,21,230,16
2026-01-28,22,160,13
2026-01-28,23,100,8
2026-01-29,0,60,3
2026-01-29,1,50,3
2026-01-29,2,30,2
2026-01-29,3,30,2
2026-01-29,4,60,5
2026-01-29,5,150,11
2026-01-29,6,250,17
2026-01-29,7,350,19
2026-01-29,8,350,20
2026-01-29,9,350,20
2026-01-29,10,250,17
2026-01-29,11,230,16
2026-01-29,12,250,18
2026-01-29,13,300,20
2026-01-29,14,350,22
2026-01-29,15,350,23
2026-01-29,16,350,23
2026-01-29,17,350,22
2026-01-29,18,300,21
2026-01-29,19,250,18
2026-01-29,20,230,16
2026-01-29,21,230,16
2026-01-29,22,160,12
2026-01-29,23,100,8
2026-01-30,0,70,4
2026-01-30,1,50,3
2026-01-30,2,30,2
2026-01-30,3,30,2
2026-01-30,4,60,6
2026-01-30,5,150,11
2026-01-30,6,250,17
2026-01-30,7,350,19
2026-01-30,8,350,19
2026-01-30,9,350,19
2026-01-30,10,250,17
2026-01-30,11,230,17
2026-01-30,12,250,18
2026-01-30,13,300,21
2026-01-30,14,350,24
2026-01-30,15,350,24
2026-01-30,16,350,24
2026-01-30,17,350,24
2026-01-30,18,350,24
2026-01-30,19,350,21
2026-01-30,20,250,19
2026-01-30,21,250,19
2026-01-30,22,250,16
2026-01-30,23,180,11
2026-01-31,0,100,7
2026-01-31,1,70,6
2026-01-31,2,90,6
2026-01-31,3,50,5
2026-01-31,4,60,5
2026-01-31,5,100,9
2026-01-31,6,150,11
2026-01-31,7,200,14
2026-01-31,8,300,18
2026-01-31,9,350,20
2026-01-31,10,300,19
2026-01-31,11,300,18
2026-01-31,12,300,18
2026-01-31,13,350,21
2026-01-31,14,300,23
2026-01-31,15,350,24
2026-01-31,16,350,24
2026-01-31,17,400,24
2026-01-31,18,400,24
2026-01-31,19,400,24
2026-01-31,20,350,23
2026-01-31,21,300,22
2026-01-31,22,300,19
2026-01-31,23,200,14
2026-02-01,0,120,9
2026-02-01,1,90,9
2026-02-01,2,120,8
2026-02-01,3,90,6
2026-02-01,4,70,5
2026-02-01,5,80,7
2026-02-01,6,100,9
2026-02-01,7,150,12
2026-02-01,8,250,17
2026-02-01,9,350,21
2026-02-01,10,350,22
2026-02-01,11,350,23
2026-02-01,12,400,25
2026-02-01,13,450,26
2026-02-01,14,450,26
2026-02-01,15,450,26
2026-02-01,16,450,26
2026-02-01,17,450,25
2026-02-01,18,450,23
2026-02-01,19,350,21
2026-02-01,20,300,18
2026-02-01,21,280,17
2026-02-01,22,250,15
2026-02-01,23,170,11
2026-02-02,0,100,6
2026-02-02,1,60,5
2026-02-02,2,60,3
2026-02-02,3,50,3
2026-02-02,4,60,6
2026-02-02,5,150,11
2026-02-02,6,250,17
2026-02-02,7,350,19
2026-02-02,8,350,20
2026-02-02,9,350,20
2026-02-02,10,250,17
2026-02-02,11,230,16
2026-02-02,12,250,17
2026-02-02,13,300,21
2026-02-02,14,400,24
2026-02-02,15,400,24
2026-02-02,16,400,24
2026-02-02,17,350,24
2026-02-02,18,350,24
2026-02-02,19,250,18
2026-02-02,20,230,17
2026-02-02,21,230,17
2026-02-02,22,160,12
2026-02-02,23,100,8
2026-02-03,0,60,3
2026-02-03,1,50,3
2026-02-03,2,30,2
2026-02-03,3,30,2
2026-02-03,4,60,6
2026-02-03,5,150,11
2026-02-03,6,250,17
2026-02-03,7,350,20
2026-02-03,8,350,20
2026-02-03,9,350,19
2026-02-03,10,250,17
2026-02-03,11,230,16
2026-02-03,12,250,17
2026-02-03,13,300,20
2026-02-03,14,350,23
2026-02-03,15,350,23
2026-02-03,16,350,23
2026-02-03,17,350,23
2026-02-03,18,300,21
2026-02-03,19,250,17
2026-02-03,20,230,16
2026-02-03,21,230,16
2026-02-03,22,160,12
2026-02-03,23,100,8
2026-02-04,0,60,3
2026-02-04,1,50,3
2026-02-04,2,30,2
2026-02-04,3,30,2
2026-02-04,4,60,6
2026-02-04,5,150,11
2026-02-04,6,250,17
2026-02-04,7,350,20
2026-02-04,8,350,20
2026-02-04,9,350,19
2026-02-04,10,250,17
2026-02-04,11,230,16
2026-02-04,12,250,17
2026-02-04,13,300,20
2026-02-04,14,350,23
2026-02-04,15,350,23
2026-02-04,16,350,23
2026-02-04,17,350,23
2026-02-04,18,300,21
2026-02-04,19,250,18
2026-02-04,20,230,16
2026-02-04,21,230,16
2026-02-04,22,160,12
2026-02-04,23,100,8
2026-02-05,0,60,3
2026-02-05,1,50,3
2026-02-05,2,30,2
2026-02-05,3,30,2
2026-02-05,4,60,5
2026-02-05,5,150,11
2026-02-05,6,250,17
2026-02-05,7,350,20
2026-02-05,8,350,20
2026-02-05,9,350,19
2026-02-05,10,250,17
2026-02-05,11,230,16
2026-02-05,12,250,17
2026-02-05,13,300,20
2026-02-05,14,350,23
2026-02-05,15,350,23
2026-02-05,16,350,23
2026-02-05,17,350,23
2026-02-05,18,300,21
2026-02-05,19,250,18
2026-02-05,20,230,16
2026-02-05,21,230,16
2026-02-05,22,160,12
2026-02-05,23,100,8
2026-02-06,0,70,4
2026-02-06,1,50,3
2026-02-06,2,30,2
2026-02-06,3,30,2
2026-02-06,4,60,6
2026-02-06,5,150,11
2026-02-06,6,250,17
2026-02-06,7,350,20
2026-02-06,8,350,20
2026-02-06,9,350,19
2026-02-06,10,250,17
2026-02-06,11,230,17
2026-02-06,12,250,18
2026-02-06,13,300,21
2026-02-06,14,350,24
2026-02-06,15,350,25
2026-02-06,16,350,24
2026-02-06,17,350,24
2026-02-06,18,350,24
2026-02-06,19,350,23
2026-02-06,20,250,19
2026-02-06,21,250,19
2026-02-06,22,250,16
2026-02-06,23,180,11
2026-02-07,0,100,8
2026-02-07,1,70,7
2026-02-07,2,90,7
2026-02-07,3,50,5
2026-02-07,4,60,5
2026-02-07,5,100,9
2026-02-07,6,150,11
2026-02-07,7,200,14
2026-02-07,8,300,18
2026-02-07,9,350,20
2026-02-07,10,300,19
2026-02-07,11,300,18
2026-02-07,12,300,18
2026-02-07,13,350,21
2026-02-07,14,300,24
2026-02-07,15,350,25
2026-02-07,16,350,25
2026-02-07,17,400,25
2026-02-07,18,400,25
2026-02-07,19,400,25
2026-02-07,20,350,24
2026-02-07,21,300,23
2026-02-07,22,300,20
2026-02-07,23,200,15
2026-02-08,0,120,9
2026-02-08,1,90,9
2026-02-08,2,120,8
2026-02-08,3,90,6
2026-02-08,4,70,5
2026-02-08,5,80,6
2026-02-08,6,100,9
2026-02-08,7,150,12
2026-02-08,8,250,17
2026-02-08,9,350,22
2026-02-08,10,350,22
2026-02-08,11,350,24
2026-02-08,12,400,26
2026-02-08,13,450,27
2026-02-08,14,450,27
2026-02-08,15,450,27
2026-02-08,16,450,27
2026-02-08,17,450,26
2026-02-08,18,450,23
2026-02-08,19,350,21
2026-02-08,20,300,19
2026-02-08,21,280,18
2026-02-08,22,250,14
2026-02-08,23,170,11
2026-02-09,0,100,6
2026-02-09,1,60,5
2026-02-09,2,60,3
2026-02-09,3,50,3
2026-02-09,4,60,6
2026-02-09,5,150,11
2026-02-09,6,250,17
2026-02-09,7,350,19
2026-02-09,8,350,20
2026-02-09,9,350,20
2026-02-09,10,250,17
2026-02-09,11,230,16
2026-02-09,12,250,17
2026-02-09,13,300,21
2026-02-09,14,400,24
2026-02-09,15,400,24
2026-02-09,16,400,24
2026-02-09,17,350,24
2026-02-09,18,350,24
2026-02-09,19,250,18
2026-02-09,20,230,17
2026-02-09,21,230,17
2026-02-09,22,160,12
2026-02-09,23,100,8
2026-02-10,0,60,4
2026-02-10,1,50,3
2026-02-10,2,30,2
2026-02-10,3,30,2
2026-02-10,4,60,6
2026-02-10,5,150,11
2026-02-10,6,250,17
2026-02-10,7,350,20
2026-02-10,8,350,20
2026-02-10,9,350,19
2026-02-10,10,250,17
2026-02-10,11,230,16
2026-02-10,12,250,17
2026-02-10,13,300,20
2026-02-10,14,350,23
2026-02-10,15,350,23
2026-02-10,16,350,23
2026-02-10,17,350,23
2026-02-10,18,300,21
2026-02-10,19,250,17
2026-02-10,20,230,16
2026-02-10,21,230,16
2026-02-10,22,160,12
2026-02-10,23,100,8
2026-02-11,0,60,4
2026-02-11,1,50,3
2026-02-11,2,30,2
2026-02-11,3,30,2
2026-02-11,4,60,6
2026-02-11,5,150,11
2026-02-11,6,250,17
2026-02-11,7,350,20
2026-02-11,8,350,20
2026-02-11,9,350,19
2026-02-11,10,250,17
2026-02-11,11,230,16
2026-02-11,12,250,17
2026-02-11,13,300,20
2026-02-11,14,350,23
2026-02-11,15,350,23
2026-02-11,16,350,23
2026-02-11,17,350,23
2026-02-11,18,300,21
2026-02-11,19,250,18
2026-02-11,20,230,16
2026-02-11,21,230,16
2026-02-11,22,160,12
2026-02-11,23,100,8
2026-02-12,0,60,4
2026-02-12,1,50,3
2026-02-12,2,30,2
2026-02-12,3,30,2
2026-02-12,4,60,5
2026-02-12,5,150,11
2026-02-12,6,250,17
2026-02-12,7,350,20
2026-02-12,8,350,20
2026-02-12,9,350,19
2026-02-12,10,250,17
2026-02-12,11,230,16
2026-02-12,12,250,17
2026-02-12,13,300,20
2026-02-12,14,350,23
2026-02-12,15,350,23
2026-02-12,16,350,23
2026-02-12,17,350,23
2026-02-12,18,300,21
2026-02-12,19,250,18
2026-02-12,20,230,16
2026-02-12,21,230,16
2026-02-12,22,160,12
2026-02-12,23,100,8
2026-02-13,0,70,4
2026-02-13,1,50,3
2026-02-13,2,30,2
2026-02-13,3,30,2
2026-02-13,4,60,6
2026-02-13,5,150,11
2026-02-13,6,250,17
2026-02-13,7,350,20
2026-02-13,8,350,20
2026-02-13,9,350,19
2026-02-13,10,250,17
2026-02-13,11,230,17
2026-02-13,12,250,18
2026-02-13,13,300,21
2026-02-13,14,350,24
2026-02-13,15,350,24
2026-02-13,16,350,24
2026-02-13,17,350,24
2026-02-13,18,350,24
2026-02-13,19,350,23
2026-02-13,20,250,19
2026-02-13,21,250,19
2026-02-13,22,250,16
2026-02-13,23,180,11
2026-02-14,0,100,8
2026-02-14,1,70,7
2026-02-14,2,90,7
2026-02-14,3,50,5
2026-02-14,4,60,5
2026-02-14,5,100,9
2026-02-14,6,150,11
2026-02-14,7,200,14
2026-02-14,8,300,18
2026-02-14,9,350,20
2026-02-14,10,300,19
2026-02-14,11,300,18
2026-02-14,12,300,18
2026-02-14,13,350,21
2026-02-14,14,300,24
2026-02-14,15,350,24
2026-02-14,16,350,25
2026-02-14,17,400,25
2026-02-14,18,400,25
2026-02-14,19,400,25
2026-02-14,20,350,24
2026-02-14,21,300,23
2026-02-14,22,300,20
2026-02-14,23,200,15
2026-02-15,0,120,9
2026-02-15,1,90,9
2026-02-15,2,120,8
2026-02-15,3,90,6
2026-02-15,4,70,5
2026-02-15,5,80,6
2026-02-15,6,100,9
2026-02-15,7,150,12
2026-02-15,8,250,17
2026-02-15,9,350,22
2026-02-15,10,350,22
2026-02-15,11,350,24
2026-02-15,12,400,26
2026-02-15,13,450,27
2026-02-15,14,450,27
2026-02-15,15,450,27
2026-02-15,16,450,27
2026-02-15,17,450,26
2026-02-15,18,450,23
2026-02-15,19,350,21
2026-02-15,20,300,19
2026-02-15,21,280,18
2026-02-15,22,250,14
2026-02-15,23,170,11
2026-02-16,0,100,6
2026-02-16,1,60,5
2026-02-16,2,60,3
2026-02-16,3,50,3
2026-02-16,4,60,6
2026-02-16,5,150,11
2026-02-16,6,250,17
2026-02-16,7,350,20
2026-02-16,8,350,20
2026-02-16,9,350,20
2026-02-16,10,250,18
2026-02-16,11,230,17
2026-02-16,12,250,18
2026-02-16,13,300,21
2026-02-16,14,400,24
2026-02-16,15,400,24
2026-02-16,16,400,24
2026-02-16,17,350,24
2026-02-16,18,350,23
2026-02-16,19,250,18
2026-02-16,20,230,17
2026-02-16,21,230,17
2026-02-16,22,160,12
2026-02-16,23,100,8
2026-02-17,0,60,4
2026-02-17,1,50,3
2026-02-17,2,30,2
2026-02-17,3,30,2
2026-02-17,4,60,6
2026-02-17,5,150,11
2026-02-17,6,250,17
2026-02-17,7,350,20
2026-02-17,8,350,20
2026-02-17,9,350,19
2026-02-17,10,250,17
2026-02-17,11,230,16
2026-02-17,12,250,17
2026-02-17,13,300,20
2026-02-17,14,350,23
2026-02-17,15,350,23
2026-02-17,16,350,23
2026-02-17,17,350,23
2026-02-17,18,300,21
2026-02-17,19,250,17
2026-02-17,20,230,16
2026-02-17,21,230,16
2026-02-17,22,160,12
2026-02-17,23,100,8
2026-02-18,0,60,4
2026-02-18,1,50,3
2026-02-18,2,30,2
2026-02-18,3,30,2
2026-02-18,4,60,6
2026-02-18,5,150,11
2026-02-18,6,250,17
2026-02-18,7,350,20
2026-02-18,8,350,20
2026-02-18,9,350,19
2026-02-18,10,250,17
2026-02-18,11,230,16
2026-02-18,12,250,17
2026-02-18,13,300,20
2026-02-18,14,350,23
2026-02-18,15,350,23
2026-02-18,16,350,23
2026-02-18,17,350,23
2026-02-18,18,300,21
2026-02-18,19,250,18
2026-02-18,20,230,16
2026-02-18,21,230,16
2026-02-18,22,160,12
2026-02-18,23,100,8
2026-02-19,0,60,4
2026-02-19,1,50,3
2026-02-19,2,30,2
2026-02-19,3,30,2
2026-02-19,4,60,6
2026-02-19,5,150,11
2026-02-19,6,250,17
2026-02-19,7,350,20
2026-02-19,8,350,20
2026-02-19,9,350,19
2026-02-19,10,250,17
2026-02-19,11,230,16
2026-02-19,12,250,17
2026-02-19,13,300,20
2026-02-19,14,350,23
2026-02-19,15,350,23
2026-02-19,16,350,23
2026-02-19,17,350,23
2026-02-19,18,300,21
2026-02-19,19,250,18
2026-02-19,20,230,16
2026-02-19,21,230,16
2026-02-19,22,160,12
2026-02-19,23,100,8
2026-02-20,0,70,4
2026-02-20,1,50,3
2026-02-20,2,30,2
2026-02-20,3,30,2
2026-02-20,4,60,6
2026-02-20,5,150,11
2026-02-20,6,250,17
2026-02-20,7,350,20
2026-02-20,8,350,20
2026-02-20,9,350,20
2026-02-20,10,250,18
2026-02-20,11,230,17
2026-02-20,12,250,18
2026-02-20,13,300,21
2026-02-20,14,350,24
2026-02-20,15,350,24
2026-02-20,16,350,24
2026-02-20,17,350,24
2026-02-20,18,350,24
2026-02-20,19,350,22
2026-02-20,20,250,19
2026-02-20,21,250,19
2026-02-20,22,250,16
2026-02-20,23,180,11
2026-02-21,0,100,8
2026-02-21,1,70,7
2026-02-21,2,90,7
2026-02-21,3,50,5
2026-02-21,4,60,5
2026-02-21,5,100,9
2026-02-21,6,150,11
2026-02-21,7,200,14
2026-02-21,8,300,18
2026-02-21,9,350,20
2026-02-21,10,300,19
2026-02-21,11,300,18
2026-02-21,12,300,18
2026-02-21,13,350,21
2026-02-21,14,300,24
2026-02-21,15,350,24
2026-02-21,16,350,25
2026-02-21,17,400,25
2026-02-21,18,400,25
2026-02-21,19,400,25
2026-02-21,20,350,23
2026-02-21,21,300,22
2026-02-21,22,300,19
2026-02-21,23,200,14
2026-02-22,0,120,9
2026-02-22,1,90,9
2026-02-22,2,120,8
2026-02-22,3,90,6
2026-02-22,4,70,5
2026-02-22,5,80,6
2026-02-22,6,100,9
2026-02-22,7,150,12
2026-02-22,8,250,17
2026-02-22,9,350,22
2026-02-22,10,350,22
2026-02-22,11,350,24
2026-02-22,12,400,26
2026-02-22,13,450,27
2026-02-22,14,450,27
2026-02-22,15,450,27
2026-02-22,16,450,27
2026-02-22,17,450,26
2026-02-22,18,450,24
2026-02-22,19,350,21
2026-02-22,20,300,19
2026-02-22,21,280,18
2026-02-22,22,250,15
2026-02-22,23,170,11
2026-02-23,0,100,6
2026-02-23,1,60,5
2026-02-23,2,60,3
2026-02-23,3,50,3
2026-02-23,4,60,6
2026-02-23,5,150,11
2026-02-23,6,250,17
2026-02-23,7,350,20
2026-02-23,8,350,20
2026-02-23,9,350,20
2026-02-23,10,250,18
2026-02-23,11,230,17
2026-02-23,12,250,18
2026-02-23,13,300,21
2026-02-23,14,400,24
2026-02-23,15,400,24
2026-02-23,16,400,24
2026-02-23,17,350,24
2026-02-23,18,350,23
2026-02-23,19,250,18
2026-02-23,20,230,17
2026-02-23,21,230,17
2026-02-23,22,160,12
2026-02-23,23,100,8
2026-02-24,0,60,4
2026-02-24,1,50,3
2026-02-24,2,30,2
2026-02-24,3,30,2
2026-02-24,4,60,6
2026-02-24,5,150,11
2026-02-24,6,250,17
2026-02-24,7,350,20
2026-02-24,8,350,20
2026-02-24,9,350,19
2026-02-24,10,250,17
2026-02-24,11,230,16
2026-02-24,12,250,17
2026-02-24,13,300,20
2026-02-24,14,350,23
2026-02-24,15,350,23
2026-02-24,16,350,23
2026-02-24,17,350,23
2026-02-24,18,300,21
2026-02-24,19,250,17
2026-02-24,20,230,16
2026-02-24,21,230,16
2026-02-24,22,160,12
2026-02-24,23,100,8
2026-02-25,0,60,4
2026-02-25,1,50,3
2026-02-25,2,30,2
2026-02-25,3,30,2
2026-02-25,4,60,6
2026-02-25,5,150,11
2026-02-25,6,250,17
2026-02-25,7,350,20
2026-02-25,8,350,20
2026-02-25,9,350,19
2026-02-25,10,250,17
2026-02-25,11,230,16
2026-02-25,12,250,17
2026-02-25,13,300,20
2026-02-25,14,350,23
2026-02-25,15,350,23
2026-02-25,16,350,23
2026-02-25,17,350,23
2026-02-25,18,300,21
2026-02-25,19,250,18
2026-02-25,20,230,16
2026-02-25,21,230,16
2026-02-25,22,160,12
2026-02-25,23,100,8
2026-02-26,0,60,4
2026-02-26,1,50,3
2026-02-26,2,30,2
2026-02-26,3,30,2
2026-02-26,4,60,6
2026-02-26,5,150,11
2026-02-26,6,250,17
2026-02-26,7,350,20
2026-02-26,8,350,20
2026-02-26,9,350,19
2026-02-26,10,250,17
2026-02-26,11,230,16
2026-02-26,12,250,17
2026-02-26,13,300,20
2026-02-26,14,350,23
2026-02-26,15,350,23
2026-02-26,16,350,23
2026-02-26,17,350,23
2026-02-26,18,300,21
2026-02-26,19,250,18
2026-02-26,20,230,16
2026-02-26,21,230,16
2026-02-26,22,160,12
2026-02-26,23,100,8
2026-02-27,0,70,4
2026-02-27,1,50,3
2026-02-27,2,30,2
2026-02-27,3,30,2
2026-02-27,4,60,6
2026-02-27,5,150,11
2026-02-27,6,250,17
2026-02-27,7,350,20
2026-02-27,8,350,20
2026-02-27,9,350,20
2026-02-27,10,250,18
2026-02-27,11,230,17
2026-02-27,12,250,18
2026-02-27,13,300,21
2026-02-27,14,350,24
2026-02-27,15,350,24
2026-02-27,16,350,24
2026-02-27,17,350,24
2026-02-27,18,350,24
2026-02-27,19,350,22
2026-02-27,20,250,19
2026-02-27,21,250,19
2026-02-27,22,250,16
2026-02-27,23,180,11
2026-02-28,0,100,8
2026-02-28,1,70,7
2026-02-28,2,90,7
2026-02-28,3,50,5
2026-02-28,4,60,5
2026-02-28,5,100,9
2026-02-28,6,150,11
2026-02-28,7,200,14
2026-02-28,8,300,18
2026-02-28,9,350,20
2026-02-28,10,300,19
2026-02-28,11,300,18
2026-02-28,12,300,18
2026-02-28,13,350,21
2026-02-28,14,300,24
2026-02-28,15,350,24
2026-02-28,16,350,25
2026-02-28,17,400,25
2026-02-28,18,400,25
2026-02-28,19,400,25
2026-02-28,20,350,23
2026-02-28,21,300,22
2026-02-28,22,300,19
2026-02-28,23,200,14
2026-03-01,0,120,9
2026-03-01,1,90,9
2026-03-01,2,120,8
2026-03-01,3,90,6
2026-03-01,4,70,5
2026-03-01,5,80,6
2026-03-01,6,100,9
2026-03-01,7,150,12
2026-03-01,8,250,17
2026-03-01,9,350,22
2026-03-01,10,350,22
2026-03-01,11,350,24
2026-03-01,12,400,26
2026-03-01,13,450,27
2026-03-01,14,450,27
2026-03-01,15,450,27
2026-03-01,16,450,27
2026-03-01,17,450,26
2026-03-01,18,450,24
2026-03-01,19,350,21
2026-03-01,20,300,19
2026-03-01,21,280,18
2026-03-01,22,250,15
2026-03-01,23,170,11
2026-03-02,0,100,6
2026-03-02,1,60,5
2026-03-02,2,60,3
2026-03-02,3,50,3
2026-03-02,4,60,6
2026-03-02,5,150,12
2026-03-02,6,250,18
2026-03-02,7,350,21
2026-03-02,8,350,21
2026-03-02,9,350,21
2026-03-02,10,250,19
2026-03-02,11,230,18
2026-03-02,12,250,18
2026-03-02,13,300,22
2026-03-02,14,400,25
2026-03-02,15,400,25
2026-03-02,16,400,25
2026-03-02,17,350,25
2026-03-02,18,350,24
2026-03-02,19,280,19
2026-03-02,20,250,18
2026-03-02,21,250,18
2026-03-02,22,200,13
2026-03-02,23,100,8
2026-03-03,0,60,4
2026-03-03,1,50,3
2026-03-03,2,30,2
2026-03-03,3,30,2
2026-03-03,4,60,6
2026-03-03,5,150,12
2026-03-03,6,250,18
2026-03-03,7,350,21
2026-03-03,8,350,21
2026-03-03,9,350,20
2026-03-03,10,250,17
2026-03-03,11,230,16
2026-03-03,12,250,17
2026-03-03,13,300,20
2026-03-03,14,350,23
2026-03-03,15,350,23
2026-03-03,16,350,23
2026-03-03,17,350,23
2026-03-03,18,300,23
2026-03-03,19,280,18
2026-03-03,20,250,17
2026-03-03,21,250,17
2026-03-03,22,200,13
2026-03-03,23,100,8
2026-03-04,0,60,4
2026-03-04,1,50,3
2026-03-04,2,30,2
2026-03-04,3,30,2
2026-03-04,4,60,6
2026-03-04,5,150,11
2026-03-04,6,250,18
2026-03-04,7,350,20
2026-03-04,8,350,20
2026-03-04,9,350,19
2026-03-04,10,250,17
2026-03-04,11,230,16
2026-03-04,12,250,17
2026-03-04,13,300,20
2026-03-04,14,350,23
2026-03-04,15,350,23
2026-03-04,16,350,23
2026-03-04,17,350,23
2026-03-04,18,300,22
2026-03-04,19,250,18
2026-03-04,20,230,17
2026-03-04,21,230,17
2026-03-04,22,200,13
2026-03-04,23,100,8
2026-03-05,0,60,4
2026-03-05,1,50,3
2026-03-05,2,30,2
2026-03-05,3,30,2
2026-03-05,4,60,6
2026-03-05,5,150,11
2026-03-05,6,250,18
2026-03-05,7,350,20
2026-03-05,8,350,20
2026-03-05,9,350,19
2026-03-05,10,250,17
2026-03-05,11,230,16
2026-03-05,12,250,17
2026-03-05,13,300,20
2026-03-05,14,350,23
2026-03-05,15,350,23
2026-03-05,16,350,23
2026-03-05,17,350,23
2026-03-05,18,300,22
2026-03-05,19,280,18
2026-03-05,20,250,17
2026-03-05,21,250,17
2026-03-05,22,200,13
2026-03-05,23,100,8
2026-03-06,0,70,5
2026-03-06,1,50,3
2026-03-06,2,30,2
2026-03-06,3,30,2
2026-03-06,4,60,6
2026-03-06,5,150,11
2026-03-06,6,250,18
2026-03-06,7,350,21
2026-03-06,8,350,21
2026-03-06,9,350,20
2026-03-06,10,250,18
2026-03-06,11,230,17
2026-03-06,12,250,18
2026-03-06,13,300,22
2026-03-06,14,350,24
2026-03-06,15,350,24
2026-03-06,16,350,24
2026-03-06,17,350,24
2026-03-06,18,350,24
2026-03-06,19,350,23
2026-03-06,20,300,19
2026-03-06,21,300,19
2026-03-06,22,250,16
2026-03-06,23,180,12
2026-03-07,0,100,8
2026-03-07,1,70,7
2026-03-07,2,90,7
2026-03-07,3,50,5
2026-03-07,4,60,5
2026-03-07,5,100,9
2026-03-07,6,150,11
2026-03-07,7,200,14
2026-03-07,8,300,18
2026-03-07,9,350,21
2026-03-07,10,300,20
2026-03-07,11,300,19
2026-03-07,12,300,19
2026-03-07,13,350,21
2026-03-07,14,300,24
2026-03-07,15,350,24
2026-03-07,16,350,26
2026-03-07,17,400,26
2026-03-07,18,400,26
2026-03-07,19,400,26
2026-03-07,20,350,24
2026-03-07,21,300,22
2026-03-07,22,300,19
2026-03-07,23,200,14
2026-03-08,0,120,9
2026-03-08,1,90,9
2026-03-08,1,120,0
2026-03-08,3,90,8
2026-03-08,4,70,5
2026-03-08,5,80,6
2026-03-08,6,100,9
2026-03-08,7,150,12
2026-03-08,8,250,17
2026-03-08,9,350,22
2026-03-08,10,350,22
2026-03-08,11,350,24
2026-03-08,12,400,26
2026-03-08,13,450,27
2026-03-08,14,450,28
2026-03-08,15,450,28
2026-03-08,16,450,28
2026-03-08,17,450,27
2026-03-08,18,450,25
2026-03-08,19,350,22
2026-03-08,20,300,19
2026-03-08,21,280,18
2026-03-08,22,250,15
2026-03-08,23,170,11
2026-03-09,0,100,6
2026-03-09,1,60,5
2026-03-09,2,60,3
2026-03-09,3,50,3
2026-03-09,4,60,6
2026-03-09,5,150,12
2026-03-09,6,250,18
2026-03-09,7,350,21
2026-03-09,8,350,21
2026-03-09,9,350,21
2026-03-09,10,250,19
2026-03-09,11,230,18
2026-03-09,12,250,18
2026-03-09,13,300,22
2026-03-09,14,400,25
2026-03-09,15,400,25
2026-03-09,16,400,25
2026-03-09,17,350,25
2026-03-09,18,350,24
2026-03-09,19,280,19
2026-03-09,20,250,18
2026-03-09,21,250,18
2026-03-09,22,200,13
2026-03-09,23,100,8
2026-03-10,0,60,4
2026-03-10,1,50,3
2026-03-10,2,30,2
2026-03-10,3,30,2
2026-03-10,4,60,6
2026-03-10,5,150,12
2026-03-10,6,250,18
2026-03-10,7,350,21
2026-03-10,8,350,21
2026-03-10,9,350,20
2026-03-10,10,250,17
2026-03-10,11,230,16
2026-03-10,12,250,17
2026-03-10,13,300,20
2026-03-10,14,350,23
2026-03-10,15,350,23
2026-03-10,16,350,23
2026-03-10,17,350,23
2026-03-10,18,300,23
2026-03-10,19,280,18
2026-03-10,20,250,17
2026-03-10,21,250,17
2026-03-10,22,200,13
2026-03-10,23,100,8
2026-03-11,0,60,4
2026-03-11,1,50,3
2026-03-11,2,30,2
2026-03-11,3,30,2
2026-03-11,4,60,6
2026-03-11,5,150,11
2026-03-11,6,250,18
2026-03-11,7,350,20
2026-03-11,8,350,20
2026-03-11,9,350,19
2026-03-11,10,250,17
2026-03-11,11,230,16
2026-03-11,12,250,17
2026-03-11,13,300,20
2026-03-11,14,350,23
2026-03-11,15,350,23
2026-03-11,16,350,23
2026-03-11,17,350,23
2026-03-11,18,300,22
2026-03-11,19,250,18
2026-03-11,20,230,17
2026-03-11,21,230,17
2026-03-11,22,200,13
2026-03-11,23,100,8
2026-03-12,0,60,4
2026-03-12,1,50,3
2026-03-12,2,30,2
2026-03-12,3,30,2
2026-03-12,4,60,6
2026-03-12,5,150,11
2026-03-12,6,250,18
2026-03-12,7,350,20
2026-03-12,8,350,20
2026-03-12,9,350,19
2026-03-12,10,250,17
2026-03-12,11,230,16
2026-03-12,12,250,17
2026-03-12,13,300,20
2026-03-12,14,350,23
2026-03-12,15,350,23
2026-03-12,16,350,23
2026-03-12,17,350,23
2026-03-12,18,300,22
2026-03-12,19,280,18
2026-03-12,20,250,17
2026-03-12,21,250,17
2026-03-12,22,200,13
2026-03-12,23,100,8
2026-03-13,0,70,5
2026-03-13,1,50,3
2026-03-13,2,30,2
2026-03-13,3,30,2
2026-03-13,4,60,6
2026-03-13,5,150,11
2026-03-13,6,250,18
2026-03-13,7,350,21
2026-03-13,8,350,21
2026-03-13,9,350,20
2026-03-13,10,250,18
2026-03-13,11,230,17
2026-03-13,12,250,18
2026-03-13,13,300,22
2026-03-13,14,350,24
2026-03-13,15,350,25
2026-03-13,16,350,25
2026-03-13,17,350,25
2026-03-13,18,350,24
2026-03-13,19,350,23
2026-03-13,20,300,19
2026-03-13,21,300,19
2026-03-13,22,250,16
2026-03-13,23,180,12
2026-03-14,0,100,8
2026-03-14,1,70,7
2026-03-14,2,90,7
2026-03-14,3,50,5
2026-03-14,4,60,5
2026-03-14,5,100,9
2026-03-14,6,150,11
2026-03-14,7,200,14
2026-03-14,8,300,18
2026-03-14,9,350,21
2026-03-14,10,300,20
2026-03-14,11,300,18
2026-03-14,12,300,19
2026-03-14,13,350,21
2026-03-14,14,350,24
2026-03-14,15,400,24
2026-03-14,16,400,26
2026-03-14,17,450,26
2026-03-14,18,450,26
2026-03-14,19,450,26
2026-03-14,20,450,26
2026-03-14,21,450,25
2026-03-14,22,350,20
2026-03-14,23,350,17
2026-03-15,0,120,9
2026-03-15,1,90,9
2026-03-15,2,120,9
2026-03-15,3,90,7
2026-03-15,4,70,5
2026-03-15,5,80,6
2026-03-15,6,100,9
2026-03-15,7,150,12
2026-03-15,8,350,17
2026-03-15,9,350,22
2026-03-15,10,350,22
2026-03-15,11,350,25
2026-03-15,12,400,26
2026-03-15,13,500,28
2026-03-15,14,500,28
2026-03-15,15,500,28
2026-03-15,16,500,28
2026-03-15,17,450,28
2026-03-15,18,450,26
2026-03-15,19,400,23
2026-03-15,20,350,20
2026-03-15,21,350,20
2026-03-15,22,280,16
2026-03-15,23,180,12
2026-03-16,0,165,6
2026-03-16,1,60,5
2026-03-16,2,60,3
2026-03-16,3,50,3
2026-03-16,4,60,7
2026-03-16,5,150,13
2026-03-16,6,250,19
2026-03-16,7,350,21
2026-03-16,8,350,21
2026-03-16,9,350,21
2026-03-16,10,250,19
2026-03-16,11,230,18
2026-03-16,12,250,18
2026-03-16,13,300,22
2026-03-16,14,400,25
2026-03-16,15,400,25
2026-03-16,16,400,25
2026-03-16,17,350,24
2026-03-16,18,350,24
2026-03-16,19,280,19
2026-03-16,20,250,18
2026-03-16,21,250,18
2026-03-16,22,200,13
2026-03-16,23,100,8
2026-03-17,0,60,4
2026-03-17,1,50,3
2026-03-17,2,30,2
2026-03-17,3,30,2
2026-03-17,4,60,7
2026-03-17,5,150,13
2026-03-17,6,250,19
2026-03-17,7,350,21
2026-03-17,8,350,21
2026-03-17,9,350,20
2026-03-17,10,250,17
2026-03-17,11,230,16
2026-03-17,12,250,17
2026-03-17,13,300,20
2026-03-17,14,350,23
2026-03-17,15,350,23
2026-03-17,16,350,23
2026-03-17,17,350,22
2026-03-17,18,300,22
2026-03-17,19,280,18
2026-03-17,20,250,17
2026-03-17,21,250,17
2026-03-17,22,200,12
2026-03-17,23,100,8
2026-03-18,0,60,4
2026-03-18,1,50,3
2026-03-18,2,30,2
2026-03-18,3,30,2
2026-03-18,4,60,7
2026-03-18,5,150,13
2026-03-18,6,250,19
2026-03-18,7,350,21
2026-03-18,8,350,20
2026-03-18,9,350,19
2026-03-18,10,250,17
2026-03-18,11,230,16
2026-03-18,12,250,17
2026-03-18,13,300,20
2026-03-18,14,350,23
2026-03-18,15,350,23
2026-03-18,16,350,23
2026-03-18,17,350,23
2026-03-18,18,300,21
2026-03-18,19,250,17
2026-03-18,20,230,17
2026-03-18,21,230,17
2026-03-18,22,200,13
2026-03-18,23,100,8
2026-03-19,0,60,4
2026-03-19,1,50,3
2026-03-19,2,30,3
2026-03-19,3,30,3
2026-03-19,4,60,7
2026-03-19,5,150,13
2026-03-19,6,250,19
2026-03-19,7,350,20
2026-03-19,8,350,20
2026-03-19,9,350,19
2026-03-19,10,250,17
2026-03-19,11,230,16
2026-03-19,12,250,18
2026-03-19,13,300,20
2026-03-19,14,350,23
2026-03-19,15,350,23
2026-03-19,16,350,23
2026-03-19,17,350,23
2026-03-19,18,300,22
2026-03-19,19,280,18
2026-03-19,20,250,17
2026-03-19,21,250,17
2026-03-19,22,200,13
2026-03-19,23,100,8
2026-03-20,0,70,5
2026-03-20,1,50,3
2026-03-20,2,30,2
2026-03-20,3,30,2
2026-03-20,4,60,7
2026-03-20,5,150,12
2026-03-20,6,250,19
2026-03-20,7,350,21
2026-03-20,8,350,21
2026-03-20,9,350,20
2026-03-20,10,250,18
2026-03-20,11,230,17
2026-03-20,12,250,18
2026-03-20,13,300,22
2026-03-20,14,350,24
2026-03-20,15,350,25
2026-03-20,16,350,25
2026-03-20,17,350,24
2026-03-20,18,350,24
2026-03-20,19,350,23
2026-03-20,20,300,19
2026-03-20,21,300,19
2026-03-20,22,250,16
2026-03-20,23,180,12
2026-03-21,0,100,8
2026-03-21,1,70,7
2026-03-21,2,90,7
2026-03-21,3,50,5
2026-03-21,4,60,5
2026-03-21,5,100,8
2026-03-21,6,150,11
2026-03-21,7,200,14
2026-03-21,8,300,17
2026-03-21,9,350,21
2026-03-21,10,300,20
2026-03-21,11,300,18
2026-03-21,12,300,19
2026-03-21,13,350,21
2026-03-21,14,350,23
2026-03-21,15,400,23
2026-03-21,16,400,23
2026-03-21,17,450,25
2026-03-21,18,450,26
2026-03-21,19,450,26
2026-03-21,20,450,26
2026-03-21,21,450,26
2026-03-21,22,350,21
2026-03-21,23,350,17
2026-03-22,0,120,11
2026-03-22,1,90,9
2026-03-22,2,120,9
2026-03-22,3,90,7
2026-03-22,4,70,5
2026-03-22,5,80,6
2026-03-22,6,100,9
2026-03-22,7,150,12
2026-03-22,8,350,17
2026-03-22,9,350,23
2026-03-22,10,350,23
2026-03-22,11,350,24
2026-03-22,12,400,26
2026-03-22,13,500,27
2026-03-22,14,500,27
2026-03-22,15,500,27
2026-03-22,16,500,27
2026-03-22,17,450,26
2026-03-22,18,450,24
2026-03-22,19,400,24
2026-03-22,20,350,24
2026-03-22,21,350,21
2026-03-22,22,350,19
2026-03-22,23,180,13
2026-03-23,0,165,7
2026-03-23,1,60,5
2026-03-23,2,60,3
2026-03-23,3,50,3
2026-03-23,4,200,9
2026-03-23,5,300,15
2026-03-23,6,400,20
2026-03-23,7,350,22
2026-03-23,8,350,22
2026-03-23,9,350,20
2026-03-23,10,250,18
2026-03-23,11,230,17
2026-03-23,12,250,18
2026-03-23,13,300,23
2026-03-23,14,400,25
2026-03-23,15,400,25
2026-03-23,16,400,25
2026-03-23,17,350,24
2026-03-23,18,350,23
2026-03-23,19,300,18
2026-03-23,20,300,18
2026-03-23,21,350,18
2026-03-23,22,200,12
2026-03-23,23,100,8
2026-03-24,0,60,4
2026-03-24,1,50,3
2026-03-24,2,30,2
2026-03-24,3,30,2
2026-03-24,4,200,8
2026-03-24,5,150,14
2026-03-24,6,250,20
2026-03-24,7,350,22
2026-03-24,8,350,21
2026-03-24,9,350,20
2026-03-24,10,250,17
2026-03-24,11,230,16
2026-03-24,12,250,17
2026-03-24,13,300,20
2026-03-24,14,350,23
2026-03-24,15,350,23
2026-03-24,16,350,23
2026-03-24,17,350,22
2026-03-24,18,300,22
2026-03-24,19,280,18
2026-03-24,20,250,17
2026-03-24,21,250,17
2026-03-24,22,200,12
2026-03-24,23,100,8
2026-03-25,0,60,4
2026-03-25,1,50,3
2026-03-25,2,30,2
2026-03-25,3,30,2
2026-03-25,4,200,7
2026-03-25,5,150,13
2026-03-25,6,250,19
2026-03-25,7,350,21
2026-03-25,8,350,20
2026-03-25,9,350,19
2026-03-25,10,250,17
2026-03-25,11,230,16
2026-03-25,12,250,17
2026-03-25,13,300,20
2026-03-25,14,350,23
2026-03-25,15,350,23
2026-03-25,16,350,23
2026-03-25,17,350,23
2026-03-25,18,300,21
2026-03-25,19,250,17
2026-03-25,20,230,17
2026-03-25,21,230,17
2026-03-25,22,200,13
2026-03-25,23,100,8
2026-03-26,0,60,4
2026-03-26,1,50,3
2026-03-26,2,30,3
2026-03-26,3,30,3
2026-03-26,4,200,7
2026-03-26,5,150,13
2026-03-26,6,250,19
2026-03-26,7,350,21
2026-03-26,8,350,20
2026-03-26,9,350,19
2026-03-26,10,250,17
2026-03-26,11,230,16
2026-03-26,12,250,17
2026-03-26,13,300,20
2026-03-26,14,350,23
2026-03-26,15,350,23
2026-03-26,16,350,23
2026-03-26,17,350,22
2026-03-26,18,300,22
2026-03-26,19,280,18
2026-03-26,20,250,17
2026-03-26,21,250,17
2026-03-26,22,200,13
2026-03-26,23,100,8
2026-03-27,0,70,5
2026-03-27,1,50,3
2026-03-27,2,30,2
2026-03-27,3,30,2
2026-03-27,4,60,7
2026-03-27,5,150,13
2026-03-27,6,250,19
2026-03-27,7,350,22
2026-03-27,8,350,21
2026-03-27,9,350,20
2026-03-27,10,250,18
2026-03-27,11,230,16
2026-03-27,12,250,17
2026-03-27,13,300,21
2026-03-27,14,350,23
2026-03-27,15,350,24
2026-03-27,16,350,24
2026-03-27,17,350,24
2026-03-27,18,350,23
2026-03-27,19,350,22
2026-03-27,20,350,18
2026-03-27,21,350,18
2026-03-27,22,300,16
2026-03-27,23,180,12
2026-03-28,0,100,8
2026-03-28,1,70,7
2026-03-28,2,90,7
2026-03-28,3,50,5
2026-03-28,4,60,5
2026-03-28,5,100,7
2026-03-28,6,150,10
2026-03-28,7,200,13
2026-03-28,8,300,17
2026-03-28,9,350,21
2026-03-28,10,300,20
2026-03-28,11,300,18
2026-03-28,12,300,18
2026-03-28,13,350,19
2026-03-28,14,350,22
2026-03-28,15,400,23
2026-03-28,16,400,24
2026-03-28,17,450,25
2026-03-28,18,450,25
2026-03-28,19,450,25
2026-03-28,20,450,24
2026-03-28,21,450,24
2026-03-28,22,350,20
2026-03-28,23,350,17
2026-03-29,0,200,11
2026-03-29,1,90,9
2026-03-29,2,180,9
2026-03-29,3,90,7
2026-03-29,4,70,5
2026-03-29,5,80,6
2026-03-29,6,100,9
2026-03-29,7,150,12
2026-03-29,8,300,17
2026-03-29,9,350,23
2026-03-29,10,350,24
2026-03-29,11,350,25
2026-03-29,12,400,26
2026-03-29,13,500,26
2026-03-29,14,500,26
2026-03-29,15,500,26
2026-03-29,16,500,26
2026-03-29,17,450,25
2026-03-29,18,450,25
2026-03-29,19,400,25
2026-03-29,20,350,25
2026-03-29,21,350,23
2026-03-29,22,350,20
2026-03-29,23,180,14
2026-03-30,0,165,7
2026-03-30,1,60,5
2026-03-30,2,60,3
2026-03-30,3,50,3
2026-03-30,4,200,9
2026-03-30,5,200,14
2026-03-30,6,300,19
2026-03-30,7,350,21
2026-03-30,8,350,21
2026-03-30,9,350,19
2026-03-30,10,250,18
2026-03-30,11,230,17
2026-03-30,12,250,18
2026-03-30,13,300,23
2026-03-30,14,400,24
2026-03-30,15,400,24
2026-03-30,16,400,24
2026-03-30,17,350,23
2026-03-30,18,350,22
2026-03-30,19,300,18
2026-03-30,20,300,18
2026-03-30,21,350,18
2026-03-30,22,250,13
2026-03-30,23,100,8
2026-03-31,0,60,4
2026-03-31,1,50,3
2026-03-31,2,30,2
2026-03-31,3,30,2
2026-03-31,4,200,7
2026-03-31,5,150,13
2026-03-31,6,250,19
2026-03-31,7,350,21
2026-03-31,8,350,20
2026-03-31,9,350,20
2026-03-31,10,250,17
2026-03-31,11,230,16
2026-03-31,12,250,17
2026-03-31,13,300,19
2026-03-31,14,350,24
2026-03-31,15,350,24
2026-03-31,16,350,23
2026-03-31,17,350,21
2026-03-31,18,300,22
2026-03-31,19,280,18
2026-03-31,20,250,17
2026-03-31,21,300,18
2026-03-31,22,250,13
2026-03-31,23,100,8
2026-04-01,0,60,4
2026-04-01,1,50,3
2026-04-01,2,30,2
2026-04-01,3,30,2
2026-04-01,4,200,7
2026-04-01,5,150,13
2026-04-01,6,250,19
2026-04-01,7,350,21
2026-04-01,8,350,20
2026-04-01,9,350,19
2026-04-01,10,250,17
2026-04-01,11,230,16
2026-04-01,12,250,17
2026-04-01,13,300,20
2026-04-01,14,350,22
2026-04-01,15,350,22
2026-04-01,16,350,23
2026-04-01,17,350,23
2026-04-01,18,300,21
2026-04-01,19,250,17
2026-04-01,20,230,17
2026-04-01,21,230,17
2026-04-01,22,200,13
2026-04-01,23,100,8
2026-04-02,0,60,4
2026-04-02,1,50,3
2026-04-02,2,30,3
2026-04-02,3,30,3
2026-04-02,4,200,7
2026-04-02,5,150,12
2026-04-02,6,250,18
2026-04-02,7,350,20
2026-04-02,8,350,19
2026-04-02,9,350,18
2026-04-02,10,250,17
2026-04-02,11,230,16
2026-04-02,12,250,17
2026-04-02,13,300,18
2026-04-02,14,350,21
2026-04-02,15,350,22
2026-04-02,16,350,22
2026-04-02,17,350,22
2026-04-02,18,300,22
2026-04-02,19,280,18
2026-04-02,20,250,17
2026-04-02,21,250,17
2026-04-02,22,200,13
2026-04-02,23,100,8
2026-04-03,0,70,5
2026-04-03,1,50,4
2026-04-03,2,30,2
2026-04-03,3,30,2
2026-04-03,4,60,7
2026-04-03,5,150,13
2026-04-03,6,250,19
2026-04-03,7,350,21
2026-04-03,8,350,20
2026-04-03,9,350,19
2026-04-03,10,250,17
2026-04-03,11,230,16
2026-04-03,12,250,17
2026-04-03,13,300,21
2026-04-03,14,350,22
2026-04-03,15,350,22
2026-04-03,16,350,22
2026-04-03,17,350,21
2026-04-03,18,350,21
2026-04-03,19,350,19
2026-04-03,20,350,17
2026-04-03,21,350,17
2026-04-03,22,300,15
2026-04-03,23,180,11
2026-04-04,0,100,8
2026-04-04,1,70,7
2026-04-04,2,90,7
2026-04-04,3,50,5
2026-04-04,4,60,6
2026-04-04,5,100,8
2026-04-04,6,150,10
2026-04-04,7,200,13
2026-04-04,8,300,15
2026-04-04,9,350,19
2026-04-04,10,300,18
2026-04-04,11,300,17
2026-04-04,12,300,18
2026-04-04,13,350,20
2026-04-04,14,350,22
2026-04-04,15,400,22
2026-04-04,16,400,23
2026-04-04,17,450,24
2026-04-04,18,450,24
2026-04-04,19,450,24
2026-04-04,20,450,24
2026-04-04,21,450,24
2026-04-04,22,350,20
2026-04-04,23,350,17
2026-04-05,0,200,11
2026-04-05,1,90,9
2026-04-05,2,180,9
2026-04-05,3,90,7
2026-04-05,4,70,5
2026-04-05,5,80,7
2026-04-05,6,100,9
2026-04-05,7,150,11
2026-04-05,8,300,16
2026-04-05,9,350,21
2026-04-05,10,350,23
2026-04-05,11,350,25
2026-04-05,12,400,26
2026-04-05,13,500,26
2026-04-05,14,500,26
2026-04-05,15,500,26
2026-04-05,16,500,26
2026-04-05,17,450,25
2026-04-05,18,450,25
2026-04-05,19,400,25
2026-04-05,20,350,25
2026-04-05,21,350,22
2026-04-05,22,350,18
2026-04-05,23,180,14
2026-04-06,0,165,7
2026-04-06,1,60,6
2026-04-06,2,60,4
2026-04-06,3,50,4
2026-04-06,4,200,8
2026-04-06,5,200,13
2026-04-06,6,300,18
2026-04-06,7,350,20
2026-04-06,8,350,21
2026-04-06,9,350,18
2026-04-06,10,250,17
2026-04-06,11,230,16
2026-04-06,12,250,17
2026-04-06,13,300,20
2026-04-06,14,400,22
2026-04-06,15,450,23
2026-04-06,16,450,23
2026-04-06,17,450,23
2026-04-06,18,350,22
2026-04-06,19,300,18
2026-04-06,20,300,18
2026-04-06,21,350,18
2026-04-06,22,250,13
2026-04-06,23,100,8
2026-04-07,0,60,4
2026-04-07,1,50,3
2026-04-07,2,30,2
2026-04-07,3,30,2
2026-04-07,4,200,7
2026-04-07,5,150,13
2026-04-07,6,250,19
2026-04-07,7,350,21
2026-04-07,8,350,19
2026-04-07,9,350,19
2026-04-07,10,250,17
2026-04-07,11,230,16
2026-04-07,12,250,17
2026-04-07,13,300,19
2026-04-07,14,350,24
2026-04-07,15,350,25
2026-04-07,16,350,25
2026-04-07,17,350,23
2026-04-07,18,300,23
2026-04-07,19,280,18
2026-04-07,20,250,17
2026-04-07,21,300,18
2026-04-07,22,250,13
2026-04-07,23,100,8
2026-04-08,0,60,4
2026-04-08,1,50,3
2026-04-08,2,30,2
2026-04-08,3,30,2
2026-04-08,4,200,7
2026-04-08,5,150,13
2026-04-08,6,250,19
2026-04-08,7,350,21
2026-04-08,8,350,20
2026-04-08,9,350,19
2026-04-08,10,250,17
2026-04-08,11,230,16
2026-04-08,12,250,18
2026-04-08,13,300,21
2026-04-08,14,350,23
2026-04-08,15,350,24
2026-04-08,16,350,25
2026-04-08,17,350,24
2026-04-08,18,300,22
2026-04-08,19,250,18
2026-04-08,20,230,17
2026-04-08,21,230,18
2026-04-08,22,200,13
2026-04-08,23,100,8
2026-04-09,0,60,4
2026-04-09,1,50,3
2026-04-09,2,30,3
2026-04-09,3,30,3
2026-04-09,4,200,7
2026-04-09,5,150,13
2026-04-09,6,250,18
2026-04-09,7,350,21
2026-04-09,8,350,20
2026-04-09,9,350,19
2026-04-09,10,250,17
2026-04-09,11,230,17
2026-04-09,12,250,17
2026-04-09,13,300,20
2026-04-09,14,350,21
2026-04-09,15,350,23
2026-04-09,16,350,23
2026-04-09,17,350,22
2026-04-09,18,300,22
2026-04-09,19,280,17
2026-04-09,20,250,16
2026-04-09,21,250,17
2026-04-09,22,200,13
2026-04-09,23,100,8
2026-04-10,0,70,5
2026-04-10,1,50,4
2026-04-10,2,30,2
2026-04-10,3,30,2
2026-04-10,4,60,7
2026-04-10,5,150,13
2026-04-10,6,250,19
2026-04-10,7,350,21
2026-04-10,8,350,20
2026-04-10,9,350,19
2026-04-10,10,250,17
2026-04-10,11,230,16
2026-04-10,12,250,17
2026-04-10,13,300,21
2026-04-10,14,350,24
2026-04-10,15,350,24
2026-04-10,16,350,24
2026-04-10,17,350,24
2026-04-10,18,350,22
2026-04-10,19,350,20
2026-04-10,20,350,18
2026-04-10,21,350,18
2026-04-10,22,300,16
2026-04-10,23,180,12
2026-04-11,0,100,8
2026-04-11,1,70,7
2026-04-11,2,90,7
2026-04-11,3,50,5
2026-04-11,4,60,6
2026-04-11,5,100,8
2026-04-11,6,150,10
2026-04-11,7,200,13
2026-04-11,8,300,15
2026-04-11,9,350,19
2026-04-11,10,300,18
2026-04-11,11,300,18
2026-04-11,12,300,18
2026-04-11,13,350,20
2026-04-11,14,350,21
2026-04-11,15,400,22
2026-04-11,16,400,22
2026-04-11,17,450,22
2026-04-11,18,450,23
2026-04-11,19,450,23
2026-04-11,20,450,25
2026-04-11,21,450,25
2026-04-11,22,350,22
2026-04-11,23,350,19
2026-04-12,0,200,11
2026-04-12,1,90,9
2026-04-12,2,180,9
2026-04-12,3,90,7
2026-04-12,4,80,5
2026-04-12,5,100,7
2026-04-12,6,100,9
2026-04-12,7,150,11
2026-04-12,8,250,16
2026-04-12,9,350,21
2026-04-12,10,350,22
2026-04-12,11,350,25
2026-04-12,12,400,26
2026-04-12,13,500,26
2026-04-12,14,500,27
2026-04-12,15,500,27
2026-04-12,16,500,27
2026-04-12,17,450,26
2026-04-12,18,450,25
2026-04-12,19,400,25
2026-04-12,20,350,25
2026-04-12,21,350,22
2026-04-12,22,350,19
2026-04-12,23,180,14
2026-04-13,0,165,7
2026-04-13,1,60,6
2026-04-13,2,60,4
2026-04-13,3,50,4
2026-04-13,4,200,7
2026-04-13,5,200,13
2026-04-13,6,300,18
2026-04-13,7,350,20
2026-04-13,8,350,21
2026-04-13,9,350,18
2026-04-13,10,250,17
2026-04-13,11,230,15
2026-04-13,12,250,17
2026-04-13,13,300,19
2026-04-13,14,400,22
2026-04-13,15,450,23
2026-04-13,16,450,23
2026-04-13,17,450,23
2026-04-13,18,350,21
2026-04-13,19,300,18
2026-04-13,20,300,17
2026-04-13,21,350,18
2026-04-13,22,250,13
2026-04-13,23,100,8
2026-04-14,0,60,4
2026-04-14,1,50,3
2026-04-14,2,30,2
2026-04-14,3,30,2
2026-04-14,4,200,7
2026-04-14,5,150,12
2026-04-14,6,250,18
2026-04-14,7,350,20
2026-04-14,8,350,19
2026-04-14,9,350,19
2026-04-14,10,250,17
2026-04-14,11,230,16
2026-04-14,12,250,17
2026-04-14,13,300,19
2026-04-14,14,350,24
2026-04-14,15,350,24
2026-04-14,16,350,24
2026-04-14,17,350,23
2026-04-14,18,300,22
2026-04-14,19,280,18
2026-04-14,20,250,18
2026-04-14,21,300,18
2026-04-14,22,250,13
2026-04-14,23,100,8
2026-04-15,0,60,4
2026-04-15,1,50,3
2026-04-15,2,30,2
2026-04-15,3,30,2
2026-04-15,4,200,7
2026-04-15,5,150,12
2026-04-15,6,250,18
2026-04-15,7,350,20
2026-04-15,8,350,20
2026-04-15,9,350,18
2026-04-15,10,250,17
2026-04-15,11,230,16
2026-04-15,12,250,17
2026-04-15,13,300,20
2026-04-15,14,350,22
2026-04-15,15,350,23
2026-04-15,16,350,23
2026-04-15,17,350,22
2026-04-15,18,300,22
2026-04-15,19,250,18
2026-04-15,20,230,17
2026-04-15,21,230,18
2026-04-15,22,200,13
2026-04-15,23,100,8
2026-04-16,0,60,4
2026-04-16,1,50,3
2026-04-16,2,30,3
2026-04-16,3,30,3
2026-04-16,4,200,7
2026-04-16,5,150,13
2026-04-16,6,250,18
2026-04-16,7,350,21
2026-04-16,8,350,19
2026-04-16,9,350,18
2026-04-16,10,250,17
2026-04-16,11,230,16
2026-04-16,12,250,17
2026-04-16,13,300,18
2026-04-16,14,350,20
2026-04-16,15,350,22
2026-04-16,16,350,22
2026-04-16,17,350,22
2026-04-16,18,300,22
2026-04-16,19,280,18
2026-04-16,20,250,17
2026-04-16,21,250,18
2026-04-16,22,200,13
2026-04-16,23,100,8
2026-04-17,0,70,5
2026-04-17,1,50,4
2026-04-17,2,30,2
2026-04-17,3,30,2
2026-04-17,4,60,7
2026-04-17,5,150,13
2026-04-17,6,250,18
2026-04-17,7,350,20
2026-04-17,8,350,20
2026-04-17,9,350,18
2026-04-17,10,250,17
2026-04-17,11,230,16
2026-04-17,12,250,18
2026-04-17,13,300,21
2026-04-17,14,350,23
2026-04-17,15,350,23
2026-04-17,16,350,23
2026-04-17,17,350,23
2026-04-17,18,350,23
2026-04-17,19,350,20
2026-04-17,20,350,19
2026-04-17,21,350,19
2026-04-17,22,300,16
2026-04-17,23,180,12
2026-04-18,0,100,9
2026-04-18,1,70,8
2026-04-18,2,90,7
2026-04-18,3,50,5
2026-04-18,4,60,6
2026-04-18,5,100,8
2026-04-18,6,150,9
2026-04-18,7,200,12
2026-04-18,8,300,14
2026-04-18,9,350,18
2026-04-18,10,300,18
2026-04-18,11,300,18
2026-04-18,12,300,18
2026-04-18,13,350,19
2026-04-18,14,350,21
2026-04-18,15,400,21
2026-04-18,16,400,22
2026-04-18,17,450,24
2026-04-18,18,450,24
2026-04-18,19,450,24
2026-04-18,20,450,26
2026-04-18,21,450,26
2026-04-18,22,350,23
2026-04-18,23,350,19
2026-04-20,0,160,7
2026-04-20,1,70,6
2026-04-20,2,60,4
2026-04-20,3,60,4
2026-04-20,4,200,7
2026-04-20,5,200,14
2026-04-20,6,300,19
2026-04-20,7,350,21
2026-04-20,8,350,22
2026-04-20,9,350,19
2026-04-20,10,300,18
2026-04-20,11,230,17
2026-04-20,12,250,18
2026-04-20,13,350,20
2026-04-20,14,400,24
2026-04-20,15,450,25
2026-04-20,16,450,25
2026-04-20,17,450,25
2026-04-20,18,350,22
2026-04-20,19,300,19
2026-04-20,20,300,18
2026-04-20,21,350,19
2026-04-20,22,250,14
2026-04-20,23,150,9
2026-04-21,0,80,4
2026-04-21,1,50,3
2026-04-21,2,30,2
2026-04-21,3,30,2
2026-04-21,4,200,8
2026-04-21,5,150,13
2026-04-21,6,250,19
2026-04-21,7,350,21
2026-04-21,8,350,20
2026-04-21,9,350,19
2026-04-21,10,250,17
2026-04-21,11,230,16
2026-04-21,12,250,17
2026-04-21,13,300,20
2026-04-21,14,350,25
2026-04-21,15,400,25
2026-04-21,16,400,25
2026-04-21,17,400,25
2026-04-21,18,300,23
2026-04-21,19,300,19
2026-04-21,20,250,19
2026-04-21,21,300,19
2026-04-21,22,250,13
2026-04-21,23,150,8
2026-04-22,0,80,4
2026-04-22,1,50,3
2026-04-22,2,30,2
2026-04-22,3,30,2
2026-04-22,4,200,7
2026-04-22,5,150,13
2026-04-22,6,250,19
2026-04-22,7,350,21
2026-04-22,8,350,21
2026-04-22,9,350,19
2026-04-22,10,250,17
2026-04-22,11,230,16
2026-04-22,12,250,17
2026-04-22,13,300,20
2026-04-22,14,350,24
2026-04-22,15,350,25
2026-04-22,16,350,25
2026-04-22,17,350,25
2026-04-22,18,300,23
2026-04-22,19,300,19
2026-04-22,20,230,18
2026-04-22,21,300,19
2026-04-22,22,250,13
2026-04-22,23,150,8
2026-04-23,0,80,4
2026-04-23,1,50,3
2026-04-23,2,30,3
2026-04-23,3,30,3
2026-04-23,4,200,7
2026-04-23,5,150,13
2026-04-23,6,250,19
2026-04-23,7,350,21
2026-04-23,8,350,20
2026-04-23,9,350,19
2026-04-23,10,250,18
2026-04-23,11,230,16
2026-04-23,12,250,17
2026-04-23,13,300,20
2026-04-23,14,350,23
2026-04-23,15,400,25
2026-04-23,16,400,25
2026-04-23,17,400,24
2026-04-23,18,300,22
2026-04-23,19,300,18
2026-04-23,20,250,18
2026-04-23,21,300,18
2026-04-23,22,250,13
2026-04-23,23,150,9
2026-04-24,0,80,5
2026-04-24,1,50,4
2026-04-24,2,30,2
2026-04-24,3,30,2
2026-04-24,4,60,7
2026-04-24,5,200,14
2026-04-24,6,300,19
2026-04-24,7,350,21
2026-04-24,8,350,21
2026-04-24,9,350,19
2026-04-24,10,250,18
2026-04-24,11,250,17
2026-04-24,12,250,18
2026-04-24,13,300,21
2026-04-24,14,350,23
2026-04-24,15,400,24
2026-04-24,16,400,25
2026-04-24,17,400,25
2026-04-24,18,400,25
2026-04-24,19,350,21
2026-04-24,20,350,20
2026-04-24,21,350,20
2026-04-24,22,300,17
2026-04-24,23,200,13
2026-04-25,0,100,9
2026-04-25,1,70,8
2026-04-25,2,90,7
2026-04-25,3,50,5
2026-04-25,4,60,6
2026-04-25,5,100,9
2026-04-25,6,150,10
2026-04-25,7,200,14
2026-04-25,8,300,17
2026-04-25,9,350,19
2026-04-25,10,300,19
2026-04-25,11,300,19
2026-04-25,12,300,19
2026-04-25,13,350,19
2026-04-25,14,350,21
2026-04-25,15,400,21
2026-04-25,16,400,24
2026-04-25,17,450,24
2026-04-25,18,450,26
2026-04-25,19,450,26
2026-04-25,20,450,27
2026-04-25,21,450,27
2026-04-25,22,450,24
2026-04-25,23,350,20
2026-04-27,0,160,7
2026-04-27,1,70,6
2026-04-27,2,60,4
2026-04-27,3,60,4
2026-04-27,4,200,7
2026-04-27,5,200,14
2026-04-27,6,350,19
2026-04-27,7,350,21
2026-04-27,8,350,22
2026-04-27,9,350,19
2026-04-27,10,300,17
2026-04-27,11,230,17
2026-04-27,12,250,17
2026-04-27,13,350,21
2026-04-27,14,400,24
2026-04-27,15,450,24
2026-04-27,16,450,24
2026-04-27,17,450,24
2026-04-27,18,350,22
2026-04-27,19,300,18
2026-04-27,20,300,18
2026-04-27,21,350,18
2026-04-27,22,250,13
2026-04-27,23,150,8
2026-04-28,0,80,4
2026-04-28,1,50,3
2026-04-28,2,30,2
2026-04-28,3,30,2
2026-04-28,4,200,7
2026-04-28,5,150,13
2026-04-28,6,250,18
2026-04-28,7,350,20
2026-04-28,8,350,21
2026-04-28,9,350,19
2026-04-28,10,250,18
2026-04-28,11,230,16
2026-04-28,12,250,17
2026-04-28,13,300,20
2026-04-28,14,350,22
2026-04-28,15,400,24
2026-04-28,16,400,24
2026-04-28,17,400,23
2026-04-28,18,300,21
2026-04-28,19,300,18
2026-04-28,20,250,18
2026-04-28,21,300,18
2026-04-28,22,250,13
2026-04-28,23,150,8
2026-04-29,0,80,4
2026-04-29,1,50,3
2026-04-29,2,30,2
2026-04-29,3,30,2
2026-04-29,4,200,7
2026-04-29,5,150,13
2026-04-29,6,250,18
2026-04-29,7,350,20
2026-04-29,8,350,20
2026-04-29,9,350,19
2026-04-29,10,250,18
2026-04-29,11,230,16
2026-04-29,12,250,17
2026-04-29,13,300,19
2026-04-29,14,350,23
2026-04-29,15,350,24
2026-04-29,16,350,24
2026-04-29,17,350,22
2026-04-29,18,300,21
2026-04-29,19,300,18
2026-04-29,20,230,17
2026-04-29,21,300,18
2026-04-29,22,250,13
2026-04-29,23,150,8
2026-04-30,0,80,4
2026-04-30,1,50,3
2026-04-30,2,30,2
2026-04-30,3,30,2
2026-04-30,4,200,7
2026-04-30,5,150,13
2026-04-30,6,250,18
2026-04-30,7,350,20
2026-04-30,8,350,20
2026-04-30,9,350,19
2026-04-30,10,250,17
2026-04-30,11,230,15
2026-04-30,12,250,16
2026-04-30,13,300,18
2026-04-30,14,350,21
2026-04-30,15,400,22
2026-04-30,16,400,22
2026-04-30,17,400,20
2026-04-30,18,300,20
2026-04-30,19,300,17
2026-04-30,20,250,17
2026-04-30,21,300,18
2026-04-30,22,250,13
2026-04-30,23,150,9
2026-05-01,0,80,5
2026-05-01,1,50,4
2026-05-01,2,30,3
2026-05-01,3,30,3
2026-05-01,4,60,7
2026-05-01,5,200,14
2026-05-01,6,300,19
2026-05-01,7,350,21
2026-05-01,8,350,21
2026-05-01,9,350,19
2026-05-01,10,250,18
2026-05-01,11,250,17
2026-05-01,12,250,18
2026-05-01,13,300,20
2026-05-01,14,350,22
2026-05-01,15,400,24
2026-05-01,16,400,24
2026-05-01,17,400,23
2026-05-01,18,400,23
2026-05-01,19,350,20
2026-05-01,20,350,20
2026-05-01,21,350,20
2026-05-01,22,300,17
2026-05-01,23,200,13
2026-05-02,0,100,9
2026-05-02,1,70,8
2026-05-02,2,90,7
2026-05-02,3,50,5
2026-05-02,4,80,7
2026-05-02,5,100,10
2026-05-02,6,150,11
2026-05-02,7,200,14
2026-05-02,8,300,17
2026-05-02,9,350,19
2026-05-02,10,300,19
2026-05-02,11,300,19
2026-05-02,12,300,20
2026-05-02,13,350,22
2026-05-02,14,350,22
2026-05-02,15,400,22
2026-05-02,16,400,23
2026-05-02,17,450,23
2026-05-02,18,450,23
2026-05-02,19,450,23
2026-05-02,20,450,23
2026-05-02,21,450,24
2026-05-02,22,450,22
2026-05-02,23,350,19
2026-05-04,0,160,7
2026-05-04,1,70,6
2026-05-04,2,60,4
2026-05-04,3,60,4
2026-05-04,4,200,7
2026-05-04,5,200,14
2026-05-04,6,350,19
2026-05-04,7,350,22
2026-05-04,8,350,23
2026-05-04,9,350,20
2026-05-04,10,300,18
2026-05-04,11,230,17
2026-05-04,12,250,17
2026-05-04,13,350,21
2026-05-04,14,400,24
2026-05-04,15,450,24
2026-05-04,16,450,24
2026-05-04,17,450,23
2026-05-04,18,350,21
2026-05-04,19,300,17
2026-05-04,20,300,17
2026-05-04,21,350,17
2026-05-04,22,250,13
2026-05-04,23,150,8
2026-05-05,0,80,4
2026-05-05,1,50,3
2026-05-05,2,30,2
2026-05-05,3,30,2
2026-05-05,4,200,7
2026-05-05,5,150,13
2026-05-05,6,250,18
2026-05-05,7,350,20
2026-05-05,8,350,21
2026-05-05,9,350,19
2026-05-05,10,250,17
2026-05-05,11,230,15
2026-05-05,12,250,16
2026-05-05,13,300,19
2026-05-05,14,350,23
2026-05-05,15,400,24
2026-05-05,16,400,24
2026-05-05,17,400,22
2026-05-05,18,300,19
2026-05-05,19,300,17
2026-05-05,20,250,17
2026-05-05,21,300,17
2026-05-05,22,250,13
2026-05-05,23,150,8
2026-05-06,0,80,4
2026-05-06,1,50,3
2026-05-06,2,30,2
2026-05-06,3,30,2
2026-05-06,4,200,7
2026-05-06,5,150,13
2026-05-06,6,250,18
2026-05-06,7,350,20
2026-05-06,8,350,20
2026-05-06,9,350,19
2026-05-06,10,250,18
2026-05-06,11,230,16
2026-05-06,12,250,17
2026-05-06,13,300,19
2026-05-06,14,350,22
2026-05-06,15,350,23
2026-05-06,16,350,24
2026-05-06,17,350,22
2026-05-06,18,300,21
2026-05-06,19,300,18
2026-05-06,20,230,17
2026-05-06,21,300,18
2026-05-06,22,250,13
2026-05-06,23,150,8
2026-05-07,0,80,4
2026-05-07,1,50,3
2026-05-07,2,30,2
2026-05-07,3,30,2
2026-05-07,4,200,7
2026-05-07,5,150,13
2026-05-07,6,250,18
2026-05-07,7,350,20
2026-05-07,8,350,20
2026-05-07,9,350,18
2026-05-07,10,250,17
2026-05-07,11,230,15
2026-05-07,12,250,16
2026-05-07,13,300,19
2026-05-07,14,350,21
2026-05-07,15,400,22
2026-05-07,16,400,22
2026-05-07,17,400,21
2026-05-07,18,300,20
2026-05-07,19,300,17
2026-05-07,20,250,17
2026-05-07,21,300,18
2026-05-07,22,250,13
2026-05-07,23,150,9
2026-05-08,0,80,5
2026-05-08,1,50,4
2026-05-08,2,30,3
2026-05-08,3,30,3
2026-05-08,4,60,7
2026-05-08,5,200,13
2026-05-08,6,300,17
2026-05-08,7,350,20
2026-05-08,8,350,19
2026-05-08,9,350,18
2026-05-08,10,250,17
2026-05-08,11,250,16
2026-05-08,12,250,17
2026-05-08,13,300,20
2026-05-08,14,350,23
2026-05-08,15,400,23
2026-05-08,16,400,23
2026-05-08,17,400,22
2026-05-08,18,400,21
2026-05-08,19,350,19
2026-05-08,20,350,19
2026-05-08,21,350,20
2026-05-08,22,300,17
2026-05-08,23,200,13
2026-05-09,0,100,9
2026-05-09,1,70,8
2026-05-09,2,90,7
2026-05-09,3,50,5
2026-05-09,4,80,7
2026-05-09,5,150,8
2026-05-09,6,150,10
2026-05-09,7,200,13
2026-05-09,8,300,17
2026-05-09,9,350,19
2026-05-09,10,300,19
2026-05-09,11,300,19
2026-05-09,12,300,19
2026-05-09,13,350,19
2026-05-09,14,350,20
2026-05-09,15,400,22
2026-05-09,16,400,23
2026-05-09,17,450,24
2026-05-09,18,450,26
2026-05-09,19,450,26
2026-05-09,20,450,26
2026-05-09,21,450,26
2026-05-09,22,450,24
2026-05-09,23,350,19
2026-05-11,0,160,7
2026-05-11,1,70,6
2026-05-11,2,60,4
2026-05-11,3,60,4
2026-05-11,4,200,7
2026-05-11,5,200,14
2026-05-11,6,350,19
2026-05-11,7,350,22
2026-05-11,8,350,23
2026-05-11,9,350,20
2026-05-11,10,300,18
2026-05-11,11,230,16
2026-05-11,12,250,17
2026-05-11,13,350,21
2026-05-11,14,400,24
2026-05-11,15,450,25
2026-05-11,16,450,25
2026-05-11,17,450,23
2026-05-11,18,350,21
2026-05-11,19,300,18
2026-05-11,20,300,18
2026-05-11,21,350,18
2026-05-11,22,250,14
2026-05-11,23,150,8
2026-05-12,0,80,4
2026-05-12,1,50,3
2026-05-12,2,30,2
2026-05-12,3,30,2
2026-05-12,4,200,7
2026-05-12,5,150,14
2026-05-12,6,250,18
2026-05-12,7,350,21
2026-05-12,8,350,21
2026-05-12,9,350,20
2026-05-12,10,250,17
2026-05-12,11,230,16
2026-05-12,12,250,17
2026-05-12,13,300,20
2026-05-12,14,350,24
2026-05-12,15,400,25
2026-05-12,16,400,25
2026-05-12,17,400,23
2026-05-12,18,300,20
2026-05-12,19,300,18
2026-05-12,20,250,18
2026-05-12,21,300,18
2026-05-12,22,250,14
2026-05-12,23,150,9
2026-05-13,0,80,4
2026-05-13,1,50,3
2026-05-13,2,30,2
2026-05-13,3,30,2
2026-05-13,4,200,7
2026-05-13,5,150,13
2026-05-13,6,250,17
2026-05-13,7,350,20
2026-05-13,8,350,20
2026-05-13,9,350,18
2026-05-13,10,250,17
2026-05-13,11,230,16
2026-05-13,12,250,17
2026-05-13,13,300,20
2026-05-13,14,350,23
2026-05-13,15,350,23
2026-05-13,16,350,23
2026-05-13,17,350,21
2026-05-13,18,300,20
2026-05-13,19,300,18
2026-05-13,20,230,17
2026-05-13,21,300,18
2026-05-13,22,250,14
2026-05-13,23,150,8
2026-05-14,0,80,4
2026-05-14,1,50,3
2026-05-14,2,30,2
2026-05-14,3,30,2
2026-05-14,4,200,7
2026-05-14,5,150,13
2026-05-14,6,250,17
2026-05-14,7,350,20
2026-05-14,8,350,20
2026-05-14,9,350,18
2026-05-14,10,250,17
2026-05-14,11,230,16
2026-05-14,12,250,17
2026-05-14,13,300,19
2026-05-14,14,350,23
2026-05-14,15,400,23
2026-05-14,16,400,23
2026-05-14,17,400,21
2026-05-14,18,300,20
2026-05-14,19,300,17
2026-05-14,20,250,17
2026-05-14,21,300,18
2026-05-14,22,250,14
2026-05-14,23,150,9
2026-05-15,0,80,5
2026-05-15,1,50,4
2026-05-15,2,30,3
2026-05-15,3,30,3
2026-05-15,4,60,6
2026-05-15,5,200,12
2026-05-15,6,300,15
2026-05-15,7,350,18
2026-05-15,8,350,18
2026-05-15,9,350,18
2026-05-15,10,250,17
2026-05-15,11,250,16
2026-05-15,12,250,16
2026-05-15,13,300,18
2026-05-15,14,350,22
2026-05-15,15,400,22
2026-05-15,16,400,23
2026-05-15,17,400,24
2026-05-15,18,400,21
2026-05-15,19,350,19
2026-05-15,20,350,19
2026-05-15,21,350,19
2026-05-15,22,300,16
2026-05-15,23,200,13
2026-05-16,0,100,9
2026-05-16,1,70,8
2026-05-16,2,90,7
2026-05-16,3,50,5
2026-05-16,4,80,5
2026-05-16,5,150,8
2026-05-16,6,150,10
2026-05-16,7,200,13
2026-05-16,8,300,17
2026-05-16,9,350,18
2026-05-16,10,300,18
2026-05-16,11,300,18
2026-05-16,12,300,18
2026-05-16,13,350,18
2026-05-16,14,350,21
2026-05-16,15,400,23
2026-05-16,16,400,24
2026-05-16,17,450,24
2026-05-16,18,450,24
2026-05-16,19,450,24
2026-05-16,20,450,25
2026-05-16,21,450,24
2026-05-16,22,450,22
2026-05-16,23,350,17
2026-05-18,0,160,7
2026-05-18,1,70,6
2026-05-18,2,60,4
2026-05-18,3,60,4
2026-05-18,4,200,7
2026-05-18,5,200,13
2026-05-18,6,350,19
2026-05-18,7,350,21
2026-05-18,8,350,21
2026-05-18,9,350,19
2026-05-18,10,300,17
2026-05-18,11,230,16
2026-05-18,12,250,17
2026-05-18,13,350,21
2026-05-18,14,400,23
2026-05-18,15,450,23
2026-05-18,16,450,23
2026-05-18,17,450,21
2026-05-18,18,350,20
2026-05-18,19,300,18
2026-05-18,20,300,18
2026-05-18,21,350,18
2026-05-18,22,250,14
2026-05-18,23,150,8
2026-05-19,0,80,4
2026-05-19,1,50,3
2026-05-19,2,30,2
2026-05-19,3,30,2
2026-05-19,4,200,7
2026-05-19,5,150,13
2026-05-19,6,250,18
2026-05-19,7,350,21
2026-05-19,8,350,21
2026-05-19,9,350,19
2026-05-19,10,250,17
2026-05-19,11,230,16
2026-05-19,12,250,17
2026-05-19,13,300,20
2026-05-19,14,350,23
2026-05-19,15,400,23
2026-05-19,16,400,23
2026-05-19,17,400,21
2026-05-19,18,300,20
2026-05-19,19,300,18
2026-05-19,20,250,18
2026-05-19,21,300,18
2026-05-19,22,250,14
2026-05-19,23,150,8
2026-05-20,0,80,4
2026-05-20,1,50,3
2026-05-20,2,30,2
2026-05-20,3,30,2
2026-05-20,4,200,6
2026-05-20,5,150,13
2026-05-20,6,250,18
2026-05-20,7,350,21
2026-05-20,8,350,21
2026-05-20,9,350,19
2026-05-20,10,250,17
2026-05-20,11,230,16
2026-05-20,12,250,17
2026-05-20,13,300,20
2026-05-20,14,350,23
2026-05-20,15,350,23
2026-05-20,16,350,23
2026-05-20,17,350,22
2026-05-20,18,300,21
2026-05-20,19,300,18
2026-05-20,20,230,18
2026-05-20,21,300,19
2026-05-20,22,250,14
2026-05-20,23,150,9
2026-05-21,0,80,4
2026-05-21,1,50,3
2026-05-21,2,30,2
2026-05-21,3,30,2
2026-05-21,4,200,6
2026-05-21,5,150,13
2026-05-21,6,250,18
2026-05-21,7,350,21
2026-05-21,8,350,21
2026-05-21,9,350,19
2026-05-21,10,250,17
2026-05-21,11,230,16
2026-05-21,12,250,17
2026-05-21,13,300,20
2026-05-21,14,350,23
2026-05-21,15,400,23
2026-05-21,16,400,23
2026-05-21,17,400,22
2026-05-21,18,300,21
2026-05-21,19,300,18
2026-05-21,20,250,18
2026-05-21,21,300,19
2026-05-21,22,250,14
2026-05-21,23,150,9
2026-05-22,0,80,5
2026-05-22,1,50,4
2026-05-22,2,30,3
2026-05-22,3,30,3
2026-05-22,4,60,6
2026-05-22,5,200,13
2026-05-22,6,300,18
2026-05-22,7,350,20
2026-05-22,8,350,20
2026-05-22,9,350,20
2026-05-22,10,250,17
2026-05-22,11,250,16
2026-05-22,12,250,17
2026-05-22,13,300,20
2026-05-22,14,350,23
2026-05-22,15,400,23
2026-05-22,16,400,23
2026-05-22,17,400,23
2026-05-22,18,400,21
2026-05-22,19,350,20
2026-05-22,20,350,19
2026-05-22,21,350,19
2026-05-22,22,300,18
2026-05-22,23,200,13
2026-05-23,0,100,9
2026-05-23,1,70,8
2026-05-23,2,90,7
2026-05-23,3,50,5
2026-05-23,4,80,6
2026-05-23,5,150,9
2026-05-23,6,150,11
2026-05-23,7,200,14
2026-05-23,8,300,18
2026-05-23,9,350,18
2026-05-23,10,300,18
2026-05-23,11,300,19
2026-05-23,12,300,19
2026-05-23,13,350,19
2026-05-23,14,350,21
2026-05-23,15,400,23
2026-05-23,16,400,24
2026-05-23,17,450,24
2026-05-23,18,450,24
2026-05-23,19,450,24
2026-05-23,20,450,24
2026-05-23,21,450,24
2026-05-23,22,450,22
2026-05-23,23,300,17
2026-05-25,0,160,7
2026-05-25,1,70,6
2026-05-25,2,60,4
2026-05-25,3,60,4
2026-05-25,4,200,7
2026-05-25,5,200,13
2026-05-25,6,350,18
2026-05-25,7,350,21
2026-05-25,8,350,21
2026-05-25,9,350,17
2026-05-25,10,300,16
2026-05-25,11,230,15
2026-05-25,12,250,16
2026-05-25,13,350,19
2026-05-25,14,400,21
2026-05-25,15,450,21
2026-05-25,16,450,21
2026-05-25,17,450,20
2026-05-25,18,350,18
2026-05-25,19,300,17
2026-05-25,20,300,17
2026-05-25,21,350,17
2026-05-25,22,250,13
2026-05-25,23,150,8
2026-05-26,0,80,4
2026-05-26,1,50,3
2026-05-26,2,30,2
2026-05-26,3,30,2
2026-05-26,4,200,7
2026-05-26,5,150,14
2026-05-26,6,250,18
2026-05-26,7,350,21
2026-05-26,8,350,21
2026-05-26,9,350,18
2026-05-26,10,250,17
2026-05-26,11,230,16
2026-05-26,12,250,17
2026-05-26,13,300,21
2026-05-26,14,350,23
2026-05-26,15,400,23
2026-05-26,16,400,23
2026-05-26,17,400,21
2026-05-26,18,300,20
2026-05-26,19,300,18
2026-05-26,20,250,18
2026-05-26,21,300,18
2026-05-26,22,250,14
2026-05-26,23,150,8
2026-05-27,0,80,4
2026-05-27,1,50,3
2026-05-27,2,30,2
2026-05-27,3,30,2
2026-05-27,4,200,6
2026-05-27,5,150,12
2026-05-27,6,250,17
2026-05-27,7,350,20
2026-05-27,8,350,20
2026-05-27,9,350,19
2026-05-27,10,250,17
2026-05-27,11,230,16
2026-05-27,12,250,17
2026-05-27,13,300,20
2026-05-27,14,350,23
2026-05-27,15,350,23
2026-05-27,16,350,23
2026-05-27,17,350,23
2026-05-27,18,300,21
2026-05-27,19,300,18
2026-05-27,20,230,17
2026-05-27,21,300,18
2026-05-27,22,250,14
2026-05-27,23,150,8
2026-05-28,0,80,4
2026-05-28,1,50,3
2026-05-28,2,30,2
2026-05-28,3,30,2
2026-05-28,4,200,6
2026-05-28,5,150,12
2026-05-28,6,250,17
2026-05-28,7,350,20
2026-05-28,8,350,19
2026-05-28,9,350,18
2026-05-28,10,250,17
2026-05-28,11,230,16
2026-05-28,12,250,17
2026-05-28,13,300,19
2026-05-28,14,350,22
2026-05-28,15,400,22
2026-05-28,16,400,22
2026-05-28,17,400,22
2026-05-28,18,300,21
2026-05-28,19,300,18
2026-05-28,20,250,18
2026-05-28,21,300,18
2026-05-28,22,250,14
2026-05-28,23,150,8
2026-05-29,0,80,5
2026-05-29,1,50,4
2026-05-29,2,30,3
2026-05-29,3,30,3
2026-05-29,4,60,6
2026-05-29,5,200,12
2026-05-29,6,300,17
2026-05-29,7,350,20
2026-05-29,8,350,20
2026-05-29,9,350,20
2026-05-29,10,250,18
2026-05-29,11,250,16
2026-05-29,12,250,17
2026-05-29,13,300,20
2026-05-29,14,350,23
2026-05-29,15,400,23
2026-05-29,16,400,23
2026-05-29,17,400,23
2026-05-29,18,400,21
2026-05-29,19,350,20
2026-05-29,20,350,20
2026-05-29,21,350,18
2026-05-29,22,300,18
2026-05-29,23,200,13
2026-05-30,0,100,9
2026-05-30,1,70,8
2026-05-30,2,90,7
2026-05-30,3,50,5
2026-05-30,4,80,6
2026-05-30,5,150,9
2026-05-30,6,150,11
2026-05-30,7,200,14
2026-05-30,8,300,18
2026-05-30,9,350,18
2026-05-30,10,300,18
2026-05-30,11,300,19
2026-05-30,12,300,19
2026-05-30,13,350,19
2026-05-30,14,350,21
2026-05-30,15,400,23
2026-05-30,16,400,24
2026-05-30,17,450,24
2026-05-30,18,450,24
2026-05-30,19,450,24
2026-05-30,20,450,24
2026-05-30,21,450,24
2026-05-30,22,450,22
2026-05-30,23,300,17
2026-06-08,0,160,7
2026-06-08,1,70,6
2026-06-08,2,60,4
2026-06-08,3,60,4
2026-06-08,4,200,6
2026-06-08,5,200,14
2026-06-08,6,350,18
2026-06-08,7,350,21
2026-06-08,8,350,21
2026-06-08,9,350,20
2026-06-08,10,300,18
2026-06-08,11,230,17
2026-06-08,12,250,18
2026-06-08,13,350,20
2026-06-08,14,400,24
2026-06-08,15,450,24
2026-06-08,16,450,24
2026-06-08,17,450,24
2026-06-08,18,350,21
2026-06-08,19,300,19
2026-06-08,20,300,18
2026-06-08,21,350,18
2026-06-08,22,250,14
2026-06-08,23,150,8
2026-06-09,0,80,4
2026-06-09,1,50,3
2026-06-09,2,30,2
2026-06-09,3,30,2
2026-06-09,4,100,6
2026-06-09,5,150,13
2026-06-09,6,250,18
2026-06-09,7,350,20
2026-06-09,8,350,20
2026-06-09,9,350,19
2026-06-09,10,250,17
2026-06-09,11,230,16
2026-06-09,12,250,17
2026-06-09,13,300,20
2026-06-09,14,350,24
2026-06-09,15,400,24
2026-06-09,16,400,24
2026-06-09,17,400,23
2026-06-09,18,300,21
2026-06-09,19,300,18
2026-06-09,20,250,18
2026-06-09,21,300,18
2026-06-09,22,250,14
2026-06-09,23,150,8
2026-06-10,0,80,4
2026-06-10,1,50,3
2026-06-10,2,30,2
2026-06-10,3,30,2
2026-06-10,4,200,6
2026-06-10,5,150,13
2026-06-10,6,250,18
2026-06-10,7,350,20
2026-06-10,8,350,20
2026-06-10,9,350,19
2026-06-10,10,250,17
2026-06-10,11,230,16
2026-06-10,12,250,17
2026-06-10,13,300,20
2026-06-10,14,350,23
2026-06-10,15,350,23
2026-06-10,16,350,23
2026-06-10,17,350,23
2026-06-10,18,300,20
2026-06-10,19,300,18
2026-06-10,20,230,18
2026-06-10,21,300,18
2026-06-10,22,250,14
2026-06-10,23,150,8
2026-06-11,0,80,4
2026-06-11,1,50,3
2026-06-11,2,30,2
2026-06-11,3,30,2
2026-06-11,4,200,6
2026-06-11,5,150,13
2026-06-11,6,250,18
2026-06-11,7,350,20
2026-06-11,8,350,20
2026-06-11,9,350,19
2026-06-11,10,250,17
2026-06-11,11,230,16
2026-06-11,12,250,17
2026-06-11,13,300,20
2026-06-11,14,350,23
2026-06-11,15,400,23
2026-06-11,16,400,23
2026-06-11,17,400,23
2026-06-11,18,300,21
2026-06-11,19,300,18
2026-06-11,20,250,18
2026-06-11,21,300,18
2026-06-11,22,250,14
2026-06-11,23,150,8
2026-06-12,0,80,5
2026-06-12,1,50,4
2026-06-12,2,30,3
2026-06-12,3,30,3
2026-06-12,4,60,6
2026-06-12,5,200,13
2026-06-12,6,300,18
2026-06-12,7,350,21
2026-06-12,8,350,21
2026-06-12,9,350,19
2026-06-12,10,250,17
2026-06-12,11,250,16
2026-06-12,12,250,18
2026-06-12,13,300,21
2026-06-12,14,350,24
2026-06-12,15,400,24
2026-06-12,16,400,24
2026-06-12,17,400,24
2026-06-12,18,400,22
2026-06-12,19,350,19
2026-06-12,20,350,19
2026-06-12,21,350,19
2026-06-12,22,300,17
2026-06-12,23,200,13
2026-06-13,0,100,9
2026-06-13,1,70,8
2026-06-13,2,90,7
2026-06-13,3,50,5
2026-06-13,4,80,5
2026-06-13,5,150,9
2026-06-13,6,150,12
2026-06-13,7,200,15
2026-06-13,8,300,17
2026-06-13,9,350,21
2026-06-13,10,300,19
2026-06-13,11,300,19
2026-06-13,12,300,21
2026-06-13,13,350,23
2026-06-13,14,350,23
2026-06-13,15,400,24
2026-06-13,16,400,24
2026-06-13,17,450,24
2026-06-13,18,450,25
2026-06-13,19,450,26
2026-06-13,20,450,26
2026-06-13,21,450,26
2026-06-13,22,450,24
2026-06-13,23,300,18
2026-06-15,0,160,7
2026-06-15,1,70,6
2026-06-15,2,60,4
2026-06-15,3,60,4
2026-06-15,4,200,6
2026-06-15,5,200,14
2026-06-15,6,350,18
2026-06-15,7,350,21
2026-06-15,8,350,21
2026-06-15,9,350,20
2026-06-15,10,300,18
2026-06-15,11,230,17
2026-06-15,12,250,18
2026-06-15,13,350,20
2026-06-15,14,400,24
2026-06-15,15,450,24
2026-06-15,16,450,24
2026-06-15,17,450,24
2026-06-15,18,350,21
2026-06-15,19,300,19
2026-06-15,20,300,18
2026-06-15,21,350,18
2026-06-15,22,250,14
2026-06-15,23,150,8
2026-06-16,0,80,4
2026-06-16,1,50,3
2026-06-16,2,30,2
2026-06-16,3,30,2
2026-06-16,4,100,6
2026-06-16,5,150,12
2026-06-16,6,250,17
2026-06-16,7,350,19
2026-06-16,8,350,19
2026-06-16,9,350,18
2026-06-16,10,250,17
2026-06-16,11,230,16
2026-06-16,12,250,17
2026-06-16,13,300,20
2026-06-16,14,350,23
2026-06-16,15,400,23
2026-06-16,16,400,23
2026-06-16,17,400,22
2026-06-16,18,300,21
2026-06-16,19,300,18
2026-06-16,20,250,18
2026-06-16,21,300,18
2026-06-16,22,250,14
2026-06-16,23,150,8
2026-06-17,0,80,4
2026-06-17,1,50,3
2026-06-17,2,30,2
2026-06-17,3,30,2
2026-06-17,4,200,6
2026-06-17,5,150,13
2026-06-17,6,250,18
2026-06-17,7,350,20
2026-06-17,8,350,20
2026-06-17,9,350,19
2026-06-17,10,250,17
2026-06-17,11,230,16
2026-06-17,12,250,17
2026-06-17,13,300,20
2026-06-17,14,350,23
2026-06-17,15,350,23
2026-06-17,16,350,23
2026-06-17,17,350,23
2026-06-17,18,300,20
2026-06-17,19,300,18
2026-06-17,20,230,18
2026-06-17,21,300,18
2026-06-17,22,250,14
2026-06-17,23,150,8
2026-06-18,0,80,4
2026-06-18,1,50,3
2026-06-18,2,30,2
2026-06-18,3,30,2
2026-06-18,4,200,6
2026-06-18,5,150,13
2026-06-18,6,250,18
2026-06-18,7,350,20
2026-06-18,8,350,20
2026-06-18,9,350,19
2026-06-18,10,250,17
2026-06-18,11,230,16
2026-06-18,12,250,17
2026-06-18,13,300,20
2026-06-18,14,350,23
2026-06-18,15,400,23
2026-06-18,16,400,23
2026-06-18,17,400,23
2026-06-18,18,300,21
2026-06-18,19,300,18
2026-06-18,20,250,18
2026-06-18,21,300,18
2026-06-18,22,250,14
2026-06-18,23,150,8
2026-06-19,0,80,5
2026-06-19,1,50,4
2026-06-19,2,30,3
2026-06-19,3,30,3
2026-06-19,4,60,6
2026-06-19,5,200,13
2026-06-19,6,300,18
2026-06-19,7,350,21
2026-06-19,8,350,21
2026-06-19,9,350,19
2026-06-19,10,250,17
2026-06-19,11,250,16
2026-06-19,12,250,18
2026-06-19,13,300,21
2026-06-19,14,350,24
2026-06-19,15,400,24
2026-06-19,16,400,24
2026-06-19,17,400,24
2026-06-19,18,400,22
2026-06-19,19,350,19
2026-06-19,20,350,19
2026-06-19,21,350,19
2026-06-19,22,300,17
2026-06-19,23,200,13
2026-06-20,0,100,9
2026-06-20,1,70,8
2026-06-20,2,90,7
2026-06-20,3,50,5
2026-06-20,4,80,5
2026-06-20,5,150,9
2026-06-20,6,150,12
2026-06-20,7,200,15
2026-06-20,8,300,17
2026-06-20,9,350,21
2026-06-20,10,300,19
2026-06-20,11,300,19
2026-06-20,12,300,21
2026-06-20,13,350,22
2026-06-20,14,350,22
2026-06-20,15,400,23
2026-06-20,16,400,24
2026-06-20,17,450,25
2026-06-20,18,450,25
2026-06-20,19,450,26
2026-06-20,20,450,26
2026-06-20,21,450,26
2026-06-20,22,450,25
2026-06-20,23,300,18
2026-06-22,0,160,7
2026-06-22,1,70,6
2026-06-22,2,60,4
2026-06-22,3,60,4
2026-06-22,4,200,6
2026-06-22,5,200,14
2026-06-22,6,350,18
2026-06-22,7,350,21
2026-06-22,8,350,21
2026-06-22,9,350,20
2026-06-22,10,300,18
2026-06-22,11,230,17
2026-06-22,12,250,18
2026-06-22,13,350,20
2026-06-22,14,400,25
2026-06-22,15,450,25
2026-06-22,16,450,25
2026-06-22,17,450,25
2026-06-22,18,350,22
2026-06-22,19,300,19
2026-06-22,20,300,18
2026-06-22,21,350,18
2026-06-22,22,250,14
2026-06-22,23,150,9
2026-06-23,0,80,4
2026-06-23,1,50,3
2026-06-23,2,30,2
2026-06-23,3,30,2
2026-06-23,4,100,6
2026-06-23,5,150,13
2026-06-23,6,250,18
2026-06-23,7,350,20
2026-06-23,8,350,20
2026-06-23,9,350,19
2026-06-23,10,250,17
2026-06-23,11,230,16
2026-06-23,12,250,17
2026-06-23,13,300,20
2026-06-23,14,350,24
2026-06-23,15,400,24
2026-06-23,16,400,24
2026-06-23,17,400,24
2026-06-23,18,300,21
2026-06-23,19,300,18
2026-06-23,20,250,18
2026-06-23,21,300,18
2026-06-23,22,250,14
2026-06-23,23,150,8
2026-06-24,0,80,4
2026-06-24,1,50,3
2026-06-24,2,30,2
2026-06-24,3,30,2
2026-06-24,4,200,6
2026-06-24,5,150,13
2026-06-24,6,250,18
2026-06-24,7,350,20
2026-06-24,8,350,20
2026-06-24,9,350,19
2026-06-24,10,250,17
2026-06-24,11,230,16
2026-06-24,12,250,17
2026-06-24,13,300,20
2026-06-24,14,350,23
2026-06-24,15,350,23
2026-06-24,16,350,23
2026-06-24,17,350,23
2026-06-24,18,300,21
2026-06-24,19,300,18
2026-06-24,20,230,18
2026-06-24,21,300,18
2026-06-24,22,250,14
2026-06-24,23,150,8
2026-06-25,0,80,4
2026-06-25,1,50,3
2026-06-25,2,30,2
2026-06-25,3,30,2
2026-06-25,4,200,6
2026-06-25,5,150,13
2026-06-25,6,250,18
2026-06-25,7,350,20
2026-06-25,8,350,20
2026-06-25,9,350,19
2026-06-25,10,250,17
2026-06-25,11,230,16
2026-06-25,12,250,17
2026-06-25,13,300,20
2026-06-25,14,350,23
2026-06-25,15,400,23
2026-06-25,16,400,23
2026-06-25,17,400,23
2026-06-25,18,300,21
2026-06-25,19,300,18
2026-06-25,20,250,17
2026-06-25,21,300,18
2026-06-25,22,250,14
2026-06-25,23,150,8
2026-06-26,0,80,5
2026-06-26,1,50,4
2026-06-26,2,30,3
2026-06-26,3,30,3
2026-06-26,4,60,6
2026-06-26,5,200,13
2026-06-26,6,300,18
2026-06-26,7,350,21
2026-06-26,8,350,21
2026-06-26,9,350,19
2026-06-26,10,250,17
2026-06-26,11,250,16
2026-06-26,12,250,17
2026-06-26,13,300,20
2026-06-26,14,350,23
2026-06-26,15,400,23
2026-06-26,16,400,23
2026-06-26,17,400,23
2026-06-26,18,400,22
2026-06-26,19,350,19
2026-06-26,20,350,19
2026-06-26,21,350,18
2026-06-26,22,300,17
2026-06-26,23,200,13
2026-06-27,0,100,9
2026-06-27,1,70,8
2026-06-27,2,90,7
2026-06-27,3,50,5
2026-06-27,4,80,5
2026-06-27,5,150,9
2026-06-27,6,150,12
2026-06-27,7,200,14
2026-06-27,8,300,16
2026-06-27,9,350,20
2026-06-27,10,300,18
2026-06-27,11,300,18
2026-06-27,12,300,20
2026-06-27,13,350,23
2026-06-27,14,350,23
2026-06-27,15,400,23
2026-06-27,16,400,24
2026-06-27,17,450,24
2026-06-27,18,450,25
2026-06-27,19,450,25
2026-06-27,20,450,25
2026-06-27,21,450,25
2026-06-27,22,450,25
2026-06-27,23,300,17
2026-06-29,0,160,8
2026-06-29,1,70,6
2026-06-29,2,60,4
2026-06-29,3,60,4
2026-06-29,4,200,6
2026-06-29,5,200,14
2026-06-29,6,350,19
2026-06-29,7,350,21
2026-06-29,8,350,21
2026-06-29,9,350,20
2026-06-29,10,300,18
2026-06-29,11,230,17
2026-06-29,12,250,18
2026-06-29,13,350,20
2026-06-29,14,400,24
2026-06-29,15,450,25
2026-06-29,16,450,25
2026-06-29,17,450,24
2026-06-29,18,350,23
2026-06-29,19,300,19
2026-06-29,20,300,18
2026-06-29,21,350,18
2026-06-29,22,250,14
2026-06-29,23,150,8
2026-06-30,0,80,4
2026-06-30,1,50,3
2026-06-30,2,30,2
2026-06-30,3,30,2
2026-06-30,4,100,6
2026-06-30,5,150,14
2026-06-30,6,250,18
2026-06-30,7,350,20
2026-06-30,8,350,20
2026-06-30,9,350,20
2026-06-30,10,250,17
2026-06-30,11,230,17
2026-06-30,12,250,17
2026-06-30,13,300,20
2026-06-30,14,350,24
2026-06-30,15,400,25
2026-06-30,16,400,25
2026-06-30,17,400,24
2026-06-30,18,300,21
2026-06-30,19,300,18
2026-06-30,20,250,18
2026-06-30,21,300,18
2026-06-30,22,250,14
2026-06-30,23,150,8
2026-07-01,0,80,4
2026-07-01,1,50,3
2026-07-01,2,30,2
2026-07-01,3,30,2
2026-07-01,4,200,6
2026-07-01,5,150,13
2026-07-01,6,250,18
2026-07-01,7,350,20
2026-07-01,8,350,20
2026-07-01,9,350,19
2026-07-01,10,250,17
2026-07-01,11,230,17
2026-07-01,12,250,17
2026-07-01,13,300,20
2026-07-01,14,350,23
2026-07-01,15,350,24
2026-07-01,16,350,24
2026-07-01,17,350,24
2026-07-01,18,300,22
2026-07-01,19,300,18
2026-07-01,20,230,17
2026-07-01,21,300,18
2026-07-01,22,250,14
2026-07-01,23,150,8
2026-07-02,0,80,4
2026-07-02,1,50,3
2026-07-02,2,30,2
2026-07-02,3,30,2
2026-07-02,4,200,6
2026-07-02,5,150,13
2026-07-02,6,250,18
2026-07-02,7,350,20
2026-07-02,8,350,20
2026-07-02,9,350,19
2026-07-02,10,250,17
2026-07-02,11,230,17
2026-07-02,12,250,17
2026-07-02,13,300,20
2026-07-02,14,350,23
2026-07-02,15,400,24
2026-07-02,16,400,24
2026-07-02,17,400,24
2026-07-02,18,300,22
2026-07-02,19,300,18
2026-07-02,20,250,17
2026-07-02,21,300,18
2026-07-02,22,250,14
2026-07-02,23,150,8
2026-07-03,0,80,5
2026-07-03,1,50,4
2026-07-03,2,30,3
2026-07-03,3,30,3
2026-07-03,4,60,6
2026-07-03,5,200,13
2026-07-03,6,300,18
2026-07-03,7,350,21
2026-07-03,8,350,21
2026-07-03,9,350,19
2026-07-03,10,250,17
2026-07-03,11,250,17
2026-07-03,12,250,17
2026-07-03,13,300,20
2026-07-03,14,350,23
2026-07-03,15,400,23
2026-07-03,16,400,23
2026-07-03,17,400,23
2026-07-03,18,400,22
2026-07-03,19,350,19
2026-07-03,20,350,19
2026-07-03,21,350,18
2026-07-03,22,300,17
2026-07-03,23,200,13
2026-07-04,0,100,9
2026-07-04,1,70,8
2026-07-04,2,90,7
2026-07-04,3,50,5
2026-07-04,4,80,5
2026-07-04,5,150,9
2026-07-04,6,150,12
2026-07-04,7,200,14
2026-07-04,8,300,16
2026-07-04,9,350,20
2026-07-04,10,300,18
2026-07-04,11,300,18
2026-07-04,12,300,20
2026-07-04,13,350,23
2026-07-04,14,350,23
2026-07-04,15,400,23
2026-07-04,16,400,24
2026-07-04,17,450,24
2026-07-04,18,450,25
2026-07-04,19,450,25
2026-07-04,20,450,25
2026-07-04,21,450,25
2026-07-04,22,450,25
2026-07-04,23,300,17
2026-07-06,0,160,8
2026-07-06,1,70,6
2026-07-06,2,60,4
2026-07-06,3,60,4
2026-07-06,4,150,7
2026-07-06,5,200,14
2026-07-06,6,350,19
2026-07-06,7,350,21
2026-07-06,8,350,21
2026-07-06,9,350,19
2026-07-06,10,300,18
2026-07-06,11,230,17
2026-07-06,12,250,18
2026-07-06,13,350,21
2026-07-06,14,400,24
2026-07-06,15,450,25
2026-07-06,16,450,24
2026-07-06,17,450,24
2026-07-06,18,350,24
2026-07-06,19,300,19
2026-07-06,20,300,17
2026-07-06,21,350,17
2026-07-06,22,250,14
2026-07-06,23,150,8
2026-07-07,0,80,4
2026-07-07,1,50,3
2026-07-07,2,30,2
2026-07-07,3,30,2
2026-07-07,4,100,6
2026-07-07,5,150,14
2026-07-07,6,250,18
2026-07-07,7,350,20
2026-07-07,8,350,20
2026-07-07,9,350,20
2026-07-07,10,250,18
2026-07-07,11,230,17
2026-07-07,12,250,18
2026-07-07,13,300,21
2026-07-07,14,350,24
2026-07-07,15,400,25
2026-07-07,16,400,25
2026-07-07,17,400,24
2026-07-07,18,300,21
2026-07-07,19,300,17
2026-07-07,20,250,17
2026-07-07,21,300,17
2026-07-07,22,250,14
2026-07-07,23,150,8
2026-07-08,0,80,4
2026-07-08,1,50,3
2026-07-08,2,30,2
2026-07-08,3,30,2
2026-07-08,4,200,6
2026-07-08,5,150,13
2026-07-08,6,250,17
2026-07-08,7,350,20
2026-07-08,8,350,20
2026-07-08,9,350,19
2026-07-08,10,250,17
2026-07-08,11,230,16
2026-07-08,12,250,17
2026-07-08,13,300,21
2026-07-08,14,350,23
2026-07-08,15,350,24
2026-07-08,16,350,24
2026-07-08,17,350,22
2026-07-08,18,300,21
2026-07-08,19,300,17
2026-07-08,20,230,17
2026-07-08,21,300,17
2026-07-08,22,250,13
2026-07-08,23,150,8
2026-07-09,0,80,4
2026-07-09,1,50,3
2026-07-09,2,30,2
2026-07-09,3,30,2
2026-07-09,4,200,6
2026-07-09,5,150,13
2026-07-09,6,250,17
2026-07-09,7,350,20
2026-07-09,8,350,20
2026-07-09,9,350,19
2026-07-09,10,250,17
2026-07-09,11,230,16
2026-07-09,12,250,17
2026-07-09,13,300,21
2026-07-09,14,350,23
2026-07-09,15,400,24
2026-07-09,16,400,24
2026-07-09,17,400,22
2026-07-09,18,300,21
2026-07-09,19,300,17
2026-07-09,20,250,17
2026-07-09,21,300,17
2026-07-09,22,250,13
2026-07-09,23,150,8
2026-07-10,0,80,5
2026-07-10,1,50,4
2026-07-10,2,30,3
2026-07-10,3,30,3
2026-07-10,4,60,6
2026-07-10,5,200,13
2026-07-10,6,300,17
2026-07-10,7,350,20
2026-07-10,8,350,20
2026-07-10,9,350,19
2026-07-10,10,250,17
2026-07-10,11,250,17
2026-07-10,12,250,17
2026-07-10,13,300,21
2026-07-10,14,350,23
2026-07-10,15,400,24
2026-07-10,16,400,24
2026-07-10,17,400,23
2026-07-10,18,400,22
2026-07-10,19,350,19
2026-07-10,20,350,19
2026-07-10,21,350,18
2026-07-10,22,300,16
2026-07-10,23,200,13
2026-07-11,0,100,9
2026-07-11,1,70,8
2026-07-11,2,90,7
2026-07-11,3,50,5
2026-07-11,4,80,5
2026-07-11,5,150,9
2026-07-11,6,150,12
2026-07-11,7,200,14
2026-07-11,8,300,16
2026-07-11,9,350,20
2026-07-11,10,300,18
2026-07-11,11,300,18
2026-07-11,12,300,19
2026-07-11,13,350,22
2026-07-11,14,350,23
2026-07-11,15,400,23
2026-07-11,16,400,24
2026-07-11,17,450,24
2026-07-11,18,450,24
2026-07-11,19,450,25
2026-07-11,20,450,25
2026-07-11,21,450,25
2026-07-11,22,450,25
2026-07-11,23,300,17
2026-07-13,0,160,8
2026-07-13,1,70,6
2026-07-13,2,60,4
2026-07-13,3,60,4
2026-07-13,4,150,8
2026-07-13,5,200,15
2026-07-13,6,350,19
2026-07-13,7,350,21
2026-07-13,8,350,21
2026-07-13,9,350,19
2026-07-13,10,300,17
2026-07-13,11,230,17
2026-07-13,12,250,18
2026-07-13,13,350,21
2026-07-13,14,400,25
2026-07-13,15,450,25
2026-07-13,16,450,24
2026-07-13,17,450,24
2026-07-13,18,350,22
2026-07-13,19,300,19
2026-07-13,20,300,17
2026-07-13,21,350,17
2026-07-13,22,250,13
2026-07-13,23,150,8
2026-07-14,0,80,4
2026-07-14,1,50,3
2026-07-14,2,30,2
2026-07-14,3,30,2
2026-07-14,4,100,6
2026-07-14,5,150,14
2026-07-14,6,250,18
2026-07-14,7,350,20
2026-07-14,8,350,20
2026-07-14,9,350,20
2026-07-14,10,250,18
2026-07-14,11,230,17
2026-07-14,12,250,17
2026-07-14,13,300,21
2026-07-14,14,350,24
2026-07-14,15,400,25
2026-07-14,16,400,25
2026-07-14,17,400,24
2026-07-14,18,300,21
2026-07-14,19,300,18
2026-07-14,20,250,17
2026-07-14,21,300,17
2026-07-14,22,250,13
2026-07-14,23,150,8
2026-07-15,0,80,4
2026-07-15,1,50,3
2026-07-15,2,30,2
2026-07-15,3,30,2
2026-07-15,4,200,6
2026-07-15,5,150,13
2026-07-15,6,250,17
2026-07-15,7,350,19
2026-07-15,8,350,19
2026-07-15,9,350,19
2026-07-15,10,250,17
2026-07-15,11,230,17
2026-07-15,12,250,18
2026-07-15,13,300,21
2026-07-15,14,350,23
2026-07-15,15,350,24
2026-07-15,16,350,24
2026-07-15,17,350,22
2026-07-15,18,300,21
2026-07-15,19,300,17
2026-07-15,20,230,17
2026-07-15,21,300,17
2026-07-15,22,250,13
2026-07-15,23,150,8
2026-07-16,0,80,4
2026-07-16,1,50,3
2026-07-16,2,30,2
2026-07-16,3,30,2
2026-07-16,4,200,6
2026-07-16,5,150,13
2026-07-16,6,250,17
2026-07-16,7,350,19
2026-07-16,8,350,19
2026-07-16,9,350,19
2026-07-16,10,250,17
2026-07-16,11,230,17
2026-07-16,12,250,18
2026-07-16,13,300,21
2026-07-16,14,350,23
2026-07-16,15,400,24
2026-07-16,16,400,24
2026-07-16,17,400,22
2026-07-16,18,300,21
2026-07-16,19,300,17
2026-07-16,20,250,17
2026-07-16,21,300,17
2026-07-16,22,250,13
2026-07-16,23,150,8
2026-07-17,0,80,5
2026-07-17,1,50,4
2026-07-17,2,30,3
2026-07-17,3,30,3
2026-07-17,4,60,6
2026-07-17,5,200,13
2026-07-17,6,300,17
2026-07-17,7,350,20
2026-07-17,8,350,20
2026-07-17,9,350,19
2026-07-17,10,250,17
2026-07-17,11,250,17
2026-07-17,12,250,18
2026-07-17,13,300,21
2026-07-17,14,350,24
2026-07-17,15,400,24
2026-07-17,16,400,24
2026-07-17,17,400,23
2026-07-17,18,400,22
2026-07-17,19,350,20
2026-07-17,20,350,20
2026-07-17,21,350,19
2026-07-17,22,300,17
2026-07-17,23,200,13
2026-07-18,0,100,9
2026-07-18,1,70,8
2026-07-18,2,90,7
2026-07-18,3,50,5
2026-07-18,4,80,6
2026-07-18,5,150,10
2026-07-18,6,150,12
2026-07-18,7,250,14
2026-07-18,8,300,16
2026-07-18,9,350,19
2026-07-18,10,300,18
2026-07-18,11,300,18
2026-07-18,12,300,19
2026-07-18,13,350,21
2026-07-18,14,350,22
2026-07-18,15,400,23
2026-07-18,16,400,25
2026-07-18,17,450,25
2026-07-18,18,450,25
2026-07-18,19,450,25
2026-07-18,20,450,25
2026-07-18,21,450,26
2026-07-18,22,450,26
2026-07-18,23,300,19
2026-07-20,0,160,8
2026-07-20,1,70,6
2026-07-20,2,60,4
2026-07-20,3,60,4
2026-07-20,4,150,8
2026-07-20,5,200,15
2026-07-20,6,350,19
2026-07-20,7,350,20
2026-07-20,8,350,20
2026-07-20,9,350,20
2026-07-20,10,300,19
2026-07-20,11,230,18
2026-07-20,12,250,18
2026-07-20,13,350,21
2026-07-20,14,400,25
2026-07-20,15,450,25
2026-07-20,16,450,25
2026-07-20,17,450,23
2026-07-20,18,350,22
2026-07-20,19,300,19
2026-07-20,20,300,18
2026-07-20,21,350,18
2026-07-20,22,250,14
2026-07-20,23,150,8
2026-07-21,0,80,4
2026-07-21,1,50,3
2026-07-21,2,30,2
2026-07-21,3,30,2
2026-07-21,4,100,6
2026-07-21,5,150,14
2026-07-21,6,250,18
2026-07-21,7,350,20
2026-07-21,8,350,20
2026-07-21,9,350,20
2026-07-21,10,250,18
2026-07-21,11,230,17
2026-07-21,12,250,17
2026-07-21,13,300,21
2026-07-21,14,350,24
2026-07-21,15,400,25
2026-07-21,16,400,25
2026-07-21,17,400,23
2026-07-21,18,300,21
2026-07-21,19,300,18
2026-07-21,20,250,18
2026-07-21,21,300,18
2026-07-21,22,250,14
2026-07-21,23,150,8
2026-07-22,0,80,4
2026-07-22,1,50,3
2026-07-22,2,30,2
2026-07-22,3,30,2
2026-07-22,4,200,6
2026-07-22,5,150,13
2026-07-22,6,250,17
2026-07-22,7,350,19
2026-07-22,8,350,19
2026-07-22,9,350,19
2026-07-22,10,250,17
2026-07-22,11,230,17
2026-07-22,12,250,18
2026-07-22,13,300,21
2026-07-22,14,350,22
2026-07-22,15,350,23
2026-07-22,16,350,23
2026-07-22,17,350,22
2026-07-22,18,300,20
2026-07-22,19,300,17
2026-07-22,20,230,17
2026-07-22,21,300,17
2026-07-22,22,250,13
2026-07-22,23,150,8
2026-07-23,0,80,4
2026-07-23,1,50,3
2026-07-23,2,30,2
2026-07-23,3,30,2
2026-07-23,4,200,6
2026-07-23,5,150,13
2026-07-23,6,250,17
2026-07-23,7,350,19
2026-07-23,8,350,19
2026-07-23,9,350,19
2026-07-23,10,250,17
2026-07-23,11,230,17
2026-07-23,12,250,18
2026-07-23,13,300,21
2026-07-23,14,350,22
2026-07-23,15,400,23
2026-07-23,16,400,23
2026-07-23,17,400,22
2026-07-23,18,300,20
2026-07-23,19,300,17
2026-07-23,20,250,17
2026-07-23,21,300,17
2026-07-23,22,250,13
2026-07-23,23,150,8
2026-07-24,0,80,5
2026-07-24,1,50,4
2026-07-24,2,30,3
2026-07-24,3,30,3
2026-07-24,4,60,6
2026-07-24,5,200,13
2026-07-24,6,300,17
2026-07-24,7,350,19
2026-07-24,8,350,19
2026-07-24,9,350,19
2026-07-24,10,250,17
2026-07-24,11,250,17
2026-07-24,12,250,18
2026-07-24,13,300,21
2026-07-24,14,350,23
2026-07-24,15,400,23
2026-07-24,16,400,23
2026-07-24,17,400,22
2026-07-24,18,400,21
2026-07-24,19,350,19
2026-07-24,20,350,19
2026-07-24,21,350,19
2026-07-24,22,300,17
2026-07-24,23,200,13
2026-07-25,0,100,9
2026-07-25,1,70,8
2026-07-25,2,90,7
2026-07-25,3,50,5
2026-07-25,4,80,6
2026-07-25,5,150,11
2026-07-25,6,150,12
2026-07-25,7,250,14
2026-07-25,8,300,17
2026-07-25,9,350,19
2026-07-25,10,300,18
2026-07-25,11,300,18
2026-07-25,12,300,18
2026-07-25,13,350,19
2026-07-25,14,350,21
2026-07-25,15,400,23
2026-07-25,16,400,23
2026-07-25,17,450,23
2026-07-25,18,450,23
2026-07-25,19,450,24
2026-07-25,20,450,25
2026-07-25,21,450,25
2026-07-25,22,450,25
2026-07-25,23,300,18
2026-07-27,0,80,8
2026-07-27,1,50,6
2026-07-27,2,30,4
2026-07-27,3,30,4
2026-07-27,4,90,8
2026-07-27,5,180,14
2026-07-27,6,200,17
2026-07-27,7,250,19
2026-07-27,8,270,19
2026-07-27,9,270,19
2026-07-27,10,230,17
2026-07-27,11,230,17
2026-07-27,12,250,17
2026-07-27,13,300,21
2026-07-27,14,350,23
2026-07-27,15,350,24
2026-07-27,16,350,24
2026-07-27,17,300,23
2026-07-27,18,250,21
2026-07-27,19,230,18
2026-07-27,20,230,17
2026-07-27,21,250,18
2026-07-27,22,180,13
2026-07-27,23,100,8
2026-07-28,0,40,4
2026-07-28,1,40,3
2026-07-28,2,20,2
2026-07-28,3,20,2
2026-07-28,4,60,6
2026-07-28,5,180,13
2026-07-28,6,200,17
2026-07-28,7,250,19
2026-07-28,8,270,19
2026-07-28,9,270,19
2026-07-28,10,230,17
2026-07-28,11,230,17
2026-07-28,12,250,17
2026-07-28,13,300,21
2026-07-28,14,350,23
2026-07-28,15,350,24
2026-07-28,16,350,24
2026-07-28,17,300,23
2026-07-28,18,250,21
2026-07-28,19,230,18
2026-07-28,20,230,18
2026-07-28,21,250,17
2026-07-28,22,180,14
2026-07-28,23,100,8
2026-07-29,0,40,4
2026-07-29,1,40,3
2026-07-29,2,20,2
2026-07-29,3,20,2
2026-07-29,4,60,6
2026-07-29,5,180,13
2026-07-29,6,200,17
2026-07-29,7,250,19
2026-07-29,8,270,19
2026-07-29,9,270,19
2026-07-29,10,230,17
2026-07-29,11,230,17
2026-07-29,12,250,17
2026-07-29,13,300,21
2026-07-29,14,350,22
2026-07-29,15,350,24
2026-07-29,16,350,24
2026-07-29,17,300,22
2026-07-29,18,250,20
2026-07-29,19,230,17
2026-07-29,20,230,17
2026-07-29,21,250,18
2026-07-29,22,180,13
2026-07-29,23,100,8
2026-07-30,0,40,4
2026-07-30,1,40,3
2026-07-30,2,20,2
2026-07-30,3,20,2
2026-07-30,4,60,6
2026-07-30,5,180,13
2026-07-30,6,200,17
2026-07-30,7,200,19
2026-07-30,8,270,19
2026-07-30,9,270,19
2026-07-30,10,230,18
2026-07-30,11,230,18
2026-07-30,12,250,19
2026-07-30,13,300,21
2026-07-30,14,350,22
2026-07-30,15,350,24
2026-07-30,16,350,24
2026-07-30,17,300,22
2026-07-30,18,250,20
2026-07-30,19,230,17
2026-07-30,20,230,17
2026-07-30,21,250,18
2026-07-30,22,180,13
2026-07-30,23,100,8
2026-07-31,0,50,4
2026-07-31,1,30,3
2026-07-31,2,20,2
2026-07-31,3,20,2
2026-07-31,4,60,6
2026-07-31,5,180,13
2026-07-31,6,200,17
2026-07-31,7,200,20
2026-07-31,8,270,20
2026-07-31,9,270,20
2026-07-31,10,230,18
2026-07-31,11,230,18
2026-07-31,12,250,19
2026-07-31,13,300,21
2026-07-31,14,350,23
2026-07-31,15,350,24
2026-07-31,16,350,24
2026-07-31,17,300,23
2026-07-31,18,250,21
2026-07-31,19,230,19
2026-07-31,20,230,18
2026-07-31,21,250,18
2026-07-31,22,200,16
2026-07-31,23,100,12
2026-08-01,0,100,8
2026-08-01,1,70,7
2026-08-01,2,90,7
2026-08-01,3,50,5
2026-08-01,4,80,6
2026-08-01,5,150,11
2026-08-01,6,150,12
2026-08-01,7,200,14
2026-08-01,8,250,17
2026-08-01,9,300,19
2026-08-01,10,250,18
2026-08-01,11,250,18
2026-08-01,12,250,18
2026-08-01,13,250,19
2026-08-01,14,300,21
2026-08-01,15,300,23
2026-08-01,16,300,23
2026-08-01,17,350,24
2026-08-01,18,350,24
2026-08-01,19,350,24
2026-08-01,20,350,25
2026-08-01,21,350,25
2026-08-01,22,300,24
2026-08-01,23,200,17
2026-08-03,0,80,8
2026-08-03,1,50,6
2026-08-03,2,30,4
2026-08-03,3,30,4
2026-08-03,4,90,8
2026-08-03,5,150,14
2026-08-03,6,200,17
2026-08-03,7,250,19
2026-08-03,8,250,19
2026-08-03,9,250,19
2026-08-03,10,200,17
2026-08-03,11,180,17
2026-08-03,12,180,17
2026-08-03,13,300,21
2026-08-03,14,350,23
2026-08-03,15,350,24
2026-08-03,16,350,24
2026-08-03,17,300,23
2026-08-03,18,250,21
2026-08-03,19,230,18
2026-08-03,20,200,17
2026-08-03,21,250,18
2026-08-03,22,180,13
2026-08-03,23,100,8
2026-08-04,0,40,4
2026-08-04,1,40,3
2026-08-04,2,20,2
2026-08-04,3,20,2
2026-08-04,4,60,6
2026-08-04,5,130,13
2026-08-04,6,200,17
2026-08-04,7,250,19
2026-08-04,8,270,19
2026-08-04,9,270,19
2026-08-04,10,230,17
2026-08-04,11,230,17
2026-08-04,12,250,17
2026-08-04,13,300,21
2026-08-04,14,350,23
2026-08-04,15,350,24
2026-08-04,16,350,24
2026-08-04,17,300,23
2026-08-04,18,250,20
2026-08-04,19,230,18
2026-08-04,20,230,17
2026-08-04,21,250,18
2026-08-04,22,180,14
2026-08-04,23,100,8
2026-08-05,0,40,4
2026-08-05,1,40,3
2026-08-05,2,20,2
2026-08-05,3,20,2
2026-08-05,4,60,6
2026-08-05,5,130,13
2026-08-05,6,200,17
2026-08-05,7,250,19
2026-08-05,8,270,19
2026-08-05,9,270,19
2026-08-05,10,230,17
2026-08-05,11,230,17
2026-08-05,12,250,17
2026-08-05,13,300,21
2026-08-05,14,350,22
2026-08-05,15,350,23
2026-08-05,16,350,23
2026-08-05,17,300,22
2026-08-05,18,250,20
2026-08-05,19,230,17
2026-08-05,20,230,17
2026-08-05,21,250,18
2026-08-05,22,180,13
2026-08-05,23,100,8
2026-08-06,0,40,4
2026-08-06,1,40,3
2026-08-06,2,20,2
2026-08-06,3,20,2
2026-08-06,4,60,6
2026-08-06,5,180,13
2026-08-06,6,200,17
2026-08-06,7,200,19
2026-08-06,8,270,19
2026-08-06,9,270,19
2026-08-06,10,230,17
2026-08-06,11,230,17
2026-08-06,12,250,17
2026-08-06,13,300,21
2026-08-06,14,350,22
2026-08-06,15,350,23
2026-08-06,16,350,23
2026-08-06,17,300,22
2026-08-06,18,250,20
2026-08-06,19,230,17
2026-08-06,20,230,17
2026-08-06,21,250,18
2026-08-06,22,180,13
2026-08-06,23,100,8
2026-08-07,0,50,4
2026-08-07,1,30,3
2026-08-07,2,20,2
2026-08-07,3,20,2
2026-08-07,4,60,6
2026-08-07,5,180,13
2026-08-07,6,200,17
2026-08-07,7,200,19
2026-08-07,8,270,19
2026-08-07,9,270,19
2026-08-07,10,230,17
2026-08-07,11,230,17
2026-08-07,12,250,17
2026-08-07,13,300,21
2026-08-07,14,350,22
2026-08-07,15,350,23
2026-08-07,16,350,23
2026-08-07,17,300,22
2026-08-07,18,250,21
2026-08-07,19,230,19
2026-08-07,20,230,18
2026-08-07,21,250,18
2026-08-07,22,200,16
2026-08-07,23,100,12
2026-08-08,0,100,8
2026-08-08,1,70,7
2026-08-08,2,90,7
2026-08-08,3,50,5
2026-08-08,4,80,5
2026-08-08,5,150,10
2026-08-08,6,150,11
2026-08-08,7,200,13
2026-08-08,8,250,17
2026-08-08,9,300,19
2026-08-08,10,250,18
2026-08-08,11,250,18
2026-08-08,12,250,18
2026-08-08,13,250,19
2026-08-08,14,300,21
2026-08-08,15,300,23
2026-08-08,16,300,23
2026-08-08,17,350,24
2026-08-08,18,350,24
2026-08-08,19,350,24
2026-08-08,20,350,25
2026-08-08,21,350,25
2026-08-08,22,300,24
2026-08-08,23,200,17
